course,module,date,week_day,start_time,end_time,part,year
Econ,PIIA Paper 8 Philosophy of Economics,10-10-2024,Thu,9:00,10:00,IIA,2
Econ,PIIA Paper 6 Mathematical Economics,10-10-2024,Thu,15:00,16:00,IIA,2
Econ,"PIIA Paper 1 Game Theory, Welfare & Applications",11-10-2024,Fri,9:00,10:00,IIA,2
Econ,PIIA Paper 4 Development Theory/Applications,11-10-2024,Fri,10:00,11:00,IIA,2
Econ,"PIIA Paper 7 Supply and Demand, Human Capital",11-10-2024,Fri,12:00,13:00,IIA,2
Econ,PIIA Paper 6 Mathematical Economics,14-10-2024,Mon,9:00,10:00,IIA,2
Econ,Intertemporal Macroeconomics,15-10-2024,Tue,9:00,10:00,IIA,2
Econ,PIIA Paper 3 Introduction to Econometrics I,15-10-2024,Tue,11:00,12:00,IIA,2
Econ,"PIIA Paper 1 Game Theory, Welfare & Applications",15-10-2024,Tue,12:00,13:00,IIA,2
Econ,PIIA Paper 4 Development Theory/Applications,15-10-2024,Tue,14:00,15:00,IIA,2
Econ,"PIIA Paper 1 Game Theory, Welfare & Applications",15-10-2024,Tue,15:00,16:00,IIA,2
Econ,"PIIA Paper 7 Supply and Demand, Human Capital",16-10-2024,Wed,9:00,10:00,IIA,2
Econ,PIIA Paper 3 Introduction to Econometrics I,16-10-2024,Wed,11:00,12:00,IIA,2
Econ,Intertemporal Macroeconomics,16-10-2024,Wed,12:00,13:00,IIA,2
Econ,PIIA Paper 8 Philosophy of Economics,17-10-2024,Thu,9:00,10:00,IIA,2
Econ,PIIA Paper 6 Mathematical Economics,17-10-2024,Thu,15:00,16:00,IIA,2
Econ,"PIIA Paper 1 Game Theory, Welfare & Applications",18-10-2024,Fri,9:00,10:00,IIA,2
Econ,PIIA Paper 4 Development Theory/Applications,18-10-2024,Fri,10:00,11:00,IIA,2
Econ,"PIIA Paper 7 Supply and Demand, Human Capital",18-10-2024,Fri,12:00,13:00,IIA,2
Econ,PIIA Paper 6 Mathematical Economics,21-10-2024,Mon,9:00,10:00,IIA,2
Econ,Intertemporal Macroeconomics,22-10-2024,Tue,9:00,10:00,IIA,2
Econ,PIIA Paper 3 Introduction to Econometrics I,22-10-2024,Tue,11:00,12:00,IIA,2
Econ,"PIIA Paper 1 Game Theory, Welfare & Applications",22-10-2024,Tue,12:00,13:00,IIA,2
Econ,PIIA Paper 4 Development Theory/Applications,22-10-2024,Tue,14:00,15:00,IIA,2
Econ,"PIIA Paper 1 Game Theory, Welfare & Applications",22-10-2024,Tue,15:00,16:00,IIA,2
Econ,"PIIA Paper 7 Supply and Demand, Human Capital",23-10-2024,Wed,9:00,10:00,IIA,2
Econ,PIIA Paper 3 Introduction to Econometrics I,23-10-2024,Wed,11:00,12:00,IIA,2
Econ,Intertemporal Macroeconomics,23-10-2024,Wed,12:00,13:00,IIA,2
Econ,PIIA Paper 8 Philosophy of Economics,24-10-2024,Thu,9:00,10:00,IIA,2
Econ,PIIA Paper 6 Mathematical Economics,24-10-2024,Thu,15:00,16:00,IIA,2
Econ,"PIIA Paper 1 Game Theory, Welfare & Applications",25-10-2024,Fri,9:00,10:00,IIA,2
Econ,PIIA Paper 4 Development Theory/Applications,25-10-2024,Fri,10:00,11:00,IIA,2
Econ,"PIIA Paper 7 Supply and Demand, Human Capital",25-10-2024,Fri,12:00,13:00,IIA,2
Econ,PIIA Paper 6 Mathematical Economics,28-10-2024,Mon,9:00,10:00,IIA,2
Econ,Intertemporal Macroeconomics,29-10-2024,Tue,9:00,10:00,IIA,2
Econ,PIIA Paper 3 Introduction to Econometrics I,29-10-2024,Tue,11:00,12:00,IIA,2
Econ,"PIIA Paper 1 Game Theory, Welfare & Applications",29-10-2024,Tue,12:00,13:00,IIA,2
Econ,PIIA Paper 4 Development Theory/Applications,29-10-2024,Tue,14:00,15:00,IIA,2
Econ,"PIIA Paper 1 Game Theory, Welfare & Applications",29-10-2024,Tue,15:00,16:00,IIA,2
Econ,"PIIA Paper 7 Supply and Demand, Human Capital",30-10-2024,Wed,9:00,10:00,IIA,2
Econ,PIIA Paper 3 Introduction to Econometrics I,30-10-2024,Wed,11:00,12:00,IIA,2
Econ,Intertemporal Macroeconomics,30-10-2024,Wed,12:00,13:00,IIA,2
Econ,PIIA Paper 8 Philosophy of Economics,31-10-2024,Thu,9:00,10:00,IIA,2
Econ,PIIA Paper 6 Mathematical Economics,31-10-2024,Thu,15:00,16:00,IIA,2
Econ,"PIIA Paper 1 Game Theory, Welfare & Applications",01-11-2024,Fri,9:00,10:00,IIA,2
Econ,PIIA Paper 4 Development Theory/Applications,01-11-2024,Fri,10:00,11:00,IIA,2
Econ,"PIIA Paper 7 Supply and Demand, Human Capital",01-11-2024,Fri,12:00,13:00,IIA,2
Econ,PIIA Programming and STATA,01-11-2024,Fri,16:00,17:30,IIA,2
Econ,PIIA Paper 6 Mathematical Economics,04-11-2024,Mon,9:00,10:00,IIA,2
Econ,PIIA Programming and STATA,04-11-2024,Mon,17:00,18:30,IIA,2
Econ,Intertemporal Macroeconomics,05-11-2024,Tue,9:00,10:00,IIA,2
Econ,PIIA Paper 3 Introduction to Econometrics I,05-11-2024,Tue,11:00,12:00,IIA,2
Econ,"PIIA Paper 1 Game Theory, Welfare & Applications",05-11-2024,Tue,12:00,13:00,IIA,2
Econ,PIIA Paper 4 Development Theory/Applications,05-11-2024,Tue,14:00,15:00,IIA,2
Econ,"PIIA Paper 1 Game Theory, Welfare & Applications",05-11-2024,Tue,15:00,16:00,IIA,2
Econ,"PIIA Paper 7 Supply and Demand, Human Capital",06-11-2024,Wed,9:00,10:00,IIA,2
Econ,PIIA Paper 3 Introduction to Econometrics I,06-11-2024,Wed,11:00,12:00,IIA,2
Econ,Intertemporal Macroeconomics,06-11-2024,Wed,12:00,13:00,IIA,2
Econ,PIIA Programming and STATA,06-11-2024,Wed,16:00,17:30,IIA,2
Econ,PIIA Paper 8 Philosophy of Economics,07-11-2024,Thu,9:00,10:00,IIA,2
Econ,PIIA Paper 6 Mathematical Economics,07-11-2024,Thu,15:00,16:00,IIA,2
Econ,"PIIA Paper 1 Game Theory, Welfare & Applications",08-11-2024,Fri,9:00,10:00,IIA,2
Econ,PIIA Paper 4 Development Theory/Applications,08-11-2024,Fri,10:00,11:00,IIA,2
Econ,"PIIA Paper 7 Supply and Demand, Human Capital",08-11-2024,Fri,12:00,13:00,IIA,2
Econ,PIIA Paper 6 Mathematical Economics,11-11-2024,Mon,9:00,10:00,IIA,2
Econ,PIIA Paper 2 Unemployment & Labour Market,12-11-2024,Tue,9:00,10:00,IIA,2
Econ,PIIA Paper 3 Introduction to Econometrics I,12-11-2024,Tue,11:00,12:00,IIA,2
Econ,"PIIA Paper 1 Game Theory, Welfare & Applications",12-11-2024,Tue,12:00,13:00,IIA,2
Econ,"PIIA Paper 7 Supply and Demand, Human Capital",13-11-2024,Wed,9:00,10:00,IIA,2
Econ,PIIA Paper 3 Introduction to Econometrics I,13-11-2024,Wed,11:00,12:00,IIA,2
Econ,PIIA Paper 2 Unemployment & Labour Market,13-11-2024,Wed,12:00,13:00,IIA,2
Econ,PIIA Paper 8 Philosophy of Economics,14-11-2024,Thu,9:00,10:00,IIA,2
Econ,PIIA Paper 6 Mathematical Economics,14-11-2024,Thu,15:00,16:00,IIA,2
Econ,"PIIA Paper 1 Game Theory, Welfare & Applications",15-11-2024,Fri,9:00,10:00,IIA,2
Econ,PIIA Paper 4 Development Theory/Applications,15-11-2024,Fri,10:00,11:00,IIA,2
Econ,"PIIA Paper 7 Supply and Demand, Human Capital",15-11-2024,Fri,12:00,13:00,IIA,2
Econ,PIIA Programming and STATA,15-11-2024,Fri,14:00,15:30,IIA,2
Econ,PIIA Paper 8 History of Economics,15-11-2024,Fri,16:00,18:00,IIA,2
Econ,PIIA Paper 6 Mathematical Economics,18-11-2024,Mon,9:00,10:00,IIA,2
Econ,PIIA Paper 2 Unemployment & Labour Market,19-11-2024,Tue,9:00,10:00,IIA,2
Econ,PIIA Paper 3 Introduction to Econometrics I,19-11-2024,Tue,11:00,12:00,IIA,2
Econ,"PIIA Paper 1 Game Theory, Welfare & Applications",19-11-2024,Tue,12:00,13:00,IIA,2
Econ,PIIA Paper 4 Development Theory/Applications,19-11-2024,Tue,14:00,15:00,IIA,2
Econ,"PIIA Paper 7 Supply and Demand, Human Capital",20-11-2024,Wed,9:00,10:00,IIA,2
Econ,PIIA Paper 3 Introduction to Econometrics I,20-11-2024,Wed,11:00,12:00,IIA,2
Econ,PIIA Paper 2 Unemployment & Labour Market,20-11-2024,Wed,12:00,13:00,IIA,2
Econ,PIIA Paper 8 Philosophy of Economics,21-11-2024,Thu,9:00,10:00,IIA,2
Econ,PIIA Paper 6 Mathematical Economics,21-11-2024,Thu,15:00,16:00,IIA,2
Econ,"PIIA Paper 1 Game Theory, Welfare & Applications",22-11-2024,Fri,9:00,10:00,IIA,2
Econ,PIIA Paper 4 Development Theory/Applications,22-11-2024,Fri,10:00,11:00,IIA,2
Econ,"PIIA Paper 7 Supply and Demand, Human Capital",22-11-2024,Fri,12:00,13:00,IIA,2
Econ,PIIA Paper 8 History of Economics,22-11-2024,Fri,16:00,18:00,IIA,2
Econ,PIIA Paper 6 Mathematical Economics,25-11-2024,Mon,9:00,10:00,IIA,2
Econ,PIIA Paper 2 Unemployment & Labour Market,26-11-2024,Tue,9:00,10:00,IIA,2
Econ,PIIA Paper 3 Introduction to Econometrics I,26-11-2024,Tue,11:00,12:00,IIA,2
Econ,"PIIA Paper 1 Game Theory, Welfare & Applications",26-11-2024,Tue,12:00,13:00,IIA,2
Econ,PIIA Paper 4 Development Theory/Applications,26-11-2024,Tue,14:00,16:00,IIA,2
Econ,"PIIA Paper 7 Supply and Demand, Human Capital",27-11-2024,Wed,9:00,10:00,IIA,2
Econ,PIIA Paper 3 Introduction to Econometrics I,27-11-2024,Wed,11:00,12:00,IIA,2
Econ,PIIA Paper 2 Unemployment & Labour Market,27-11-2024,Wed,12:00,13:00,IIA,2
Econ,PIIA Paper 8 Philosophy of Economics,28-11-2024,Thu,9:00,10:00,IIA,2
Econ,PIIA Paper 6 Mathematical Economics,28-11-2024,Thu,15:00,16:00,IIA,2
Econ,PIIA Paper 8 History of Economics,28-11-2024,Thu,17:00,19:00,IIA,2
Econ,"PIIA Paper 1 Game Theory, Welfare & Applications",29-11-2024,Fri,9:00,10:00,IIA,2
Econ,PIIA Paper 4 Development Theory/Applications,29-11-2024,Fri,10:00,11:00,IIA,2
Econ,"PIIA Paper 7 Supply and Demand, Human Capital",29-11-2024,Fri,12:00,13:00,IIA,2
Econ,PIIA Paper 8 History of Economics,29-11-2024,Fri,16:00,18:00,IIA,2
Econ,PIIA Paper 6 Mathematical Economics,02-12-2024,Mon,9:00,10:00,IIA,2
Econ,PIIA Paper 2 Unemployment & Labour Market,03-12-2024,Tue,9:00,10:00,IIA,2
Econ,PIIA Paper 3 Introduction to Econometrics I,03-12-2024,Tue,11:00,12:00,IIA,2
Econ,"PIIA Paper 1 Game Theory, Welfare & Applications",03-12-2024,Tue,12:00,13:00,IIA,2
Econ,PIIA Paper 4 Development Theory/Applications,03-12-2024,Tue,14:00,15:00,IIA,2
Econ,"PIIA Paper 7 Supply and Demand, Human Capital",04-12-2024,Wed,9:00,10:00,IIA,2
Econ,Introduction to Econometrics I,04-12-2024,Wed,11:00,12:00,IIA,2
Econ,PIIA Paper 2 Unemployment & Labour Market,04-12-2024,Wed,12:00,13:00,IIA,2
Econ,PIIA Paper 2 Monetary Economics,23-01-2025,Thu,9:00,10:00,IIA,2
Econ,PIIA Paper 4 / PIIB Paper 4a Trade,23-01-2025,Thu,11:00,12:00,IIA,2
Econ,PIIA Paper 8 / PIIB Paper 12 Issues in Social Ontology,23-01-2025,Thu,14:00,15:00,IIA,2
Econ,PIIA Paper 2 Monetary Economics,24-01-2025,Fri,9:00,10:00,IIA,2
Econ,"PIIA Paper 7 Signalling, Job Search and Family Structure",24-01-2025,Fri,10:00,11:00,IIA,2
Econ,PIIA Paper 8 / PIIB Paper 12 History of Economics,24-01-2025,Fri,16:00,18:00,IIA,2
Econ,PIIA Paper 2 Monetary Economics,27-01-2025,Mon,9:00,10:00,IIA,2
Econ,PIIA Paper 6 Probability and Statistics,27-01-2025,Mon,12:00,13:00,IIA,2
Econ,PIIA Paper 4 / PIIB Paper 4a Trade,27-01-2025,Mon,15:00,16:00,IIA,2
Econ,PIIA Paper 1 Economics of Uncertainty & Information,28-01-2025,Tue,9:00,10:00,IIA,2
Econ,PIIA Paper 3 Introduction to Econometrics II: Micro and Macro-Econometrics,28-01-2025,Tue,11:00,12:00,IIA,2
Econ,"PIIA Paper 7 Signalling, Job Search and Family Structure",28-01-2025,Tue,12:00,13:00,IIA,2
Econ,PIIA Paper 6 Probability and Statistics,29-01-2025,Wed,9:00,10:00,IIA,2
Econ,PIIA Paper 3 Introduction to Econometrics II: Micro and Macro-Econometrics,29-01-2025,Wed,10:00,11:00,IIA,2
Econ,PIIA Paper 1 Economics of Uncertainty & Information,29-01-2025,Wed,11:00,13:00,IIA,2
Econ,PIIA Paper 2 Monetary Economics,30-01-2025,Thu,9:00,10:00,IIA,2
Econ,PIIA Paper 4 / PIIB Paper 4a Trade,30-01-2025,Thu,11:00,12:00,IIA,2
Econ,PIIA Paper 8 / PIIB Paper 12 Issues in Social Ontology,30-01-2025,Thu,14:00,15:00,IIA,2
Econ,PIIA Paper 2 Monetary Economics,31-01-2025,Fri,9:00,10:00,IIA,2
Econ,"PIIA Paper 7 Signalling, Job Search and Family Structure",31-01-2025,Fri,10:00,11:00,IIA,2
Econ,PIIA Paper 2 Monetary Economics,03-02-2025,Mon,9:00,10:00,IIA,2
Econ,PIIA Paper 6 Probability and Statistics,03-02-2025,Mon,12:00,13:00,IIA,2
Econ,PIIA Paper 4 / PIIB Paper 4a Trade,03-02-2025,Mon,15:00,16:00,IIA,2
Econ,PIIA Paper 1 Economics of Uncertainty & Information,04-02-2025,Tue,9:00,10:00,IIA,2
Econ,PIIA Paper 3 Introduction to Econometrics II: Micro and Macro-Econometrics,04-02-2025,Tue,11:00,12:00,IIA,2
Econ,"PIIA Paper 7 Signalling, Job Search and Family Structure",04-02-2025,Tue,12:00,13:00,IIA,2
Econ,PIIA Paper 6 Probability and Statistics,05-02-2025,Wed,9:00,10:00,IIA,2
Econ,PIIA Paper 3 Introduction to Econometrics II: Micro and Macro-Econometrics,05-02-2025,Wed,10:00,11:00,IIA,2
Econ,PIIA Paper 1 Economics of Uncertainty & Information,05-02-2025,Wed,11:00,13:00,IIA,2
Econ,PIIA Paper 2 Monetary Economics,06-02-2025,Thu,9:00,10:00,IIA,2
Econ,PIIA Paper 4 / PIIB Paper 4a Trade,06-02-2025,Thu,11:00,12:00,IIA,2
Econ,PIIA Paper 8 / PIIB Paper 12 Issues in Social Ontology,06-02-2025,Thu,14:00,15:00,IIA,2
Econ,PIIA Paper 2 Monetary Economics,07-02-2025,Fri,9:00,10:00,IIA,2
Econ,"PIIA Paper 7 Signalling, Job Search and Family Structure",07-02-2025,Fri,10:00,11:00,IIA,2
Econ,PIIA Paper 2 Monetary Economics,10-02-2025,Mon,9:00,10:00,IIA,2
Econ,PIIA Paper 6 Probability and Statistics,10-02-2025,Mon,12:00,13:00,IIA,2
Econ,PIIA Paper 4 / PIIB Paper 4a Trade,10-02-2025,Mon,15:00,16:00,IIA,2
Econ,PIIA Paper 1 Economics of Uncertainty & Information,11-02-2025,Tue,9:00,10:00,IIA,2
Econ,PIIA Paper 3 Introduction to Econometrics II: Micro and Macro-Econometrics,11-02-2025,Tue,11:00,12:00,IIA,2
Econ,"PIIA Paper 7 Signalling, Job Search and Family Structure",11-02-2025,Tue,12:00,13:00,IIA,2
Econ,PIIA Paper 6 Probability and Statistics,12-02-2025,Wed,9:00,10:00,IIA,2
Econ,PIIA Paper 3 Introduction to Econometrics II: Micro and Macro-Econometrics,12-02-2025,Wed,10:00,11:00,IIA,2
Econ,PIIA Paper 1 Economics of Uncertainty & Information,12-02-2025,Wed,11:00,13:00,IIA,2
Econ,PIIA Paper 2 Monetary Economics,13-02-2025,Thu,9:00,10:00,IIA,2
Econ,PIIA Paper 4 / PIIB Paper 4a Trade,13-02-2025,Thu,11:00,12:00,IIA,2
Econ,PIIA Paper 8 / PIIB Paper 12 Issues in Social Ontology,13-02-2025,Thu,14:00,15:00,IIA,2
Econ,PIIA Paper 2 Monetary Economics,14-02-2025,Fri,9:00,10:00,IIA,2
Econ,PIIA Paper 8 / PIIB Paper 12 History of Economics,14-02-2025,Fri,16:00,18:00,IIA,2
Econ,PIIA Paper 2 Monetary Economics,17-02-2025,Mon,9:00,10:00,IIA,2
Econ,PIIA Paper 6 Probability and Statistics,17-02-2025,Mon,12:00,13:00,IIA,2
Econ,PIIA Paper 4 / PIIB Paper 4a Trade,17-02-2025,Mon,14:00,16:00,IIA,2
Econ,"PIIA Paper 7 Signalling, Job Search and Family Structure",17-02-2025,Mon,16:00,17:00,IIA,2
Econ,PIIA Paper 1 Economics of Uncertainty & Information,18-02-2025,Tue,9:00,10:00,IIA,2
Econ,PIIA Paper 3 Introduction to Econometrics II: Micro and Macro-Econometrics,18-02-2025,Tue,11:00,12:00,IIA,2
Econ,"PIIA Paper 7 Signalling, Job Search and Family Structure",18-02-2025,Tue,12:00,13:00,IIA,2
Econ,PIIA Paper 6 Probability and Statistics,19-02-2025,Wed,9:00,10:00,IIA,2
Econ,PIIA Paper 3 Introduction to Econometrics II: Micro and Macro-Econometrics,19-02-2025,Wed,10:00,11:00,IIA,2
Econ,PIIA Paper 1 Economics of Uncertainty & Information,19-02-2025,Wed,11:00,13:00,IIA,2
Econ,PIIA Paper 2 International Macroeconomics,20-02-2025,Thu,9:00,10:00,IIA,2
Econ,PIIA Paper 8 / PIIB Paper 12 Issues in Social Ontology,20-02-2025,Thu,14:00,15:00,IIA,2
Econ,"PIIA Paper 7 Signalling, Job Search and Family Structure",21-02-2025,Fri,10:00,11:00,IIA,2
Econ,PIIA Paper 8 / PIIB Paper 12 History of Economics,21-02-2025,Fri,16:00,18:00,IIA,2
Econ,PIIA Paper 2 International Macroeconomics,24-02-2025,Mon,9:00,10:00,IIA,2
Econ,PIIA Paper 6 Probability and Statistics,24-02-2025,Mon,12:00,13:00,IIA,2
Econ,PIIA Paper 4 / PIIB Paper 4a Trade,24-02-2025,Mon,15:00,16:00,IIA,2
Econ,"PIIA Paper 7 Signalling, Job Search and Family Structure",25-02-2025,Tue,12:00,13:00,IIA,2
Econ,PIIA Paper 6 Probability and Statistics,26-02-2025,Wed,9:00,10:00,IIA,2
Econ,PIIA Paper 1 Economics of Uncertainty & Information,26-02-2025,Wed,11:00,13:00,IIA,2
Econ,PIIA Paper 2 International Macroeconomics,27-02-2025,Thu,9:00,10:00,IIA,2
Econ,PIIA Paper 4 / PIIB Paper 4a Trade,27-02-2025,Thu,11:00,12:00,IIA,2
Econ,PIIA Paper 8 / PIIB Paper 12 Issues in Social Ontology,27-02-2025,Thu,14:00,15:00,IIA,2
Econ,"PIIA Paper 7 Signalling, Job Search and Family Structure",28-02-2025,Fri,10:00,11:00,IIA,2
Econ,PIIA Paper 2 International Macroeconomics,03-03-2025,Mon,9:00,10:00,IIA,2
Econ,PIIA Paper 6 Probability and Statistics,03-03-2025,Mon,12:00,13:00,IIA,2
Econ,PIIA Paper 4 / PIIB Paper 4a Trade,03-03-2025,Mon,15:00,16:00,IIA,2
Econ,PIIA Paper 3 Introduction to Econometrics II: Micro and Macro-Econometrics,04-03-2025,Tue,11:00,12:00,IIA,2
Econ,"PIIA Paper 7 Signalling, Job Search and Family Structure",04-03-2025,Tue,12:00,13:00,IIA,2
Econ,PIIA Paper 6 Probability and Statistics,05-03-2025,Wed,9:00,10:00,IIA,2
Econ,PIIA Paper 3 Introduction to Econometrics II: Micro and Macro-Econometrics,05-03-2025,Wed,10:00,11:00,IIA,2
Econ,PIIA Paper 1 Economics of Uncertainty & Information,05-03-2025,Wed,11:00,13:00,IIA,2
Econ,PIIA Paper 2 International Macroeconomics,06-03-2025,Thu,9:00,10:00,IIA,2
Econ,PIIA Paper 4 / PIIB Paper 4a Trade,06-03-2025,Thu,11:00,12:00,IIA,2
Econ,PIIA Data and Literature Review,07-03-2025,Fri,12:00,13:00,IIA,2
Econ,PIIA Paper 8 / PIIB Paper 12 History of Economics,07-03-2025,Fri,16:00,18:00,IIA,2
Econ,PIIA Paper 2 International Macroeconomics,10-03-2025,Mon,9:00,10:00,IIA,2
Econ,PIIA Paper 6 Probability and Statistics,10-03-2025,Mon,12:00,13:00,IIA,2
Econ,PIIA Paper 4 / PIIB Paper 4a Trade,10-03-2025,Mon,15:00,16:00,IIA,2
Econ,"PIIA Paper 7 Signalling, Job Search and Family Structure",10-03-2025,Mon,16:00,17:00,IIA,2
Econ,PIIA Paper 3 Introduction to Econometrics II: Micro and Macro-Econometrics,11-03-2025,Tue,11:00,12:00,IIA,2
Econ,"PIIA Paper 7 Signalling, Job Search and Family Structure",11-03-2025,Tue,12:00,13:00,IIA,2
Econ,PIIA Paper 6 Probability and Statistics,12-03-2025,Wed,9:00,10:00,IIA,2
Econ,PIIA Paper 3 Introduction to Econometrics II: Micro and Macro-Econometrics,12-03-2025,Wed,10:00,11:00,IIA,2
Econ,PIIA Paper 1 Economics of Uncertainty & Information,12-03-2025,Wed,11:00,13:00,IIA,2
Econ,PIIA Paper 4 / PIIB Paper 4a Trade,13-03-2025,Thu,11:00,12:00,IIA,2
Econ,PIIA Paper 2 International Macroeconomics,14-03-2025,Fri,9:00,10:00,IIA,2
Econ,"PIIA Paper 7 Signalling, Job Search and Family Structure",14-03-2025,Fri,10:00,11:00,IIA,2
Econ,PIIA Paper 2 International Macroeconomics,17-03-2025,Mon,9:00,10:00,IIA,2
Econ,PIIA Paper 6 Probability and Statistics,17-03-2025,Mon,12:00,13:00,IIA,2
Econ,PIIA Paper 4 / PIIB Paper 4a Trade,17-03-2025,Mon,15:00,16:00,IIA,2
Econ,PIIA Paper 3 Introduction to Econometrics II: Micro and Macro-Econometrics PROJECT,17-03-2025,Mon,16:00,18:00,IIA,2
Econ,PIIA Paper 3 Introduction to Econometrics II: Micro and Macro-Econometrics,18-03-2025,Tue,11:00,12:00,IIA,2
Econ,"PIIA Paper 7 Signalling, Job Search and Family Structure",18-03-2025,Tue,12:00,13:00,IIA,2
Econ,PIIA Paper 6 Probability and Statistics,19-03-2025,Wed,9:00,10:00,IIA,2
Econ,PIIA Paper 3 Introduction to Econometrics II: Micro and Macro-Econometrics,19-03-2025,Wed,10:00,11:00,IIA,2
Econ,PIIA Paper 1 Economics of Uncertainty & Information,19-03-2025,Wed,11:00,13:00,IIA,2
Econ,Probability and Statistics MOCK EXAMINATION,02-05-2025,Fri,14:00,16:00,IIA,2
Law,Administrative Law,10-10-2024,Thu,9:00,10:00,IB,2
Law,Law of Contract,10-10-2024,Thu,10:00,12:00,IB,2
Law,Induction Day (Part IB Changeover & Affiliated Students Only),10-10-2024,Thu,10:00,14:30,IB,2
Law,Human Rights Law,10-10-2024,Thu,12:00,13:00,IB,2
Law,International Law,10-10-2024,Thu,13:00,14:00,IB,2
Law,CSPS,10-10-2024,Thu,14:00,16:00,IB,2
Law,Constitutional Law,11-10-2024,Fri,9:00,10:00,IB,2
Law,Law of Tort,11-10-2024,Fri,10:00,11:00,IB,2
Law,Administrative Law,11-10-2024,Fri,11:00,12:00,IB,2
Law,Law of Contract,11-10-2024,Fri,12:00,13:00,IB,2
Law,CPE,11-10-2024,Fri,13:00,14:00,IB,2
Law,Advanced Civil Law,11-10-2024,Fri,14:00,16:00,IB,2
Law,Legal History,14-10-2024,Mon,9:00,10:00,IB,2
Law,Constitutional Law,14-10-2024,Mon,10:00,11:00,IB,2
Law,Law of Tort,14-10-2024,Mon,11:00,12:00,IB,2
Law,Land Law,14-10-2024,Mon,12:00,13:00,IB,2
Law,Human Rights Law,14-10-2024,Mon,13:00,14:00,IB,2
Law,CPE,14-10-2024,Mon,14:00,15:00,IB,2
Law,Family Law,15-10-2024,Tue,9:00,11:00,IB,2
Law,Civil Law in Context,15-10-2024,Tue,11:00,13:00,IB,2
Law,Legal History,15-10-2024,Tue,13:00,14:00,IB,2
Law,Jurisprudence,15-10-2024,Tue,16:00,18:00,IB,2
Law,International Law,16-10-2024,Wed,9:00,10:00,IB,2
Law,Constitutional Law,16-10-2024,Wed,10:00,11:00,IB,2
Law,Law of Tort,16-10-2024,Wed,11:00,12:00,IB,2
Law,Land Law,16-10-2024,Wed,12:00,14:00,IB,2
Law,Administrative Law,17-10-2024,Thu,9:00,10:00,IB,2
Law,Law of Contract,17-10-2024,Thu,10:00,12:00,IB,2
Law,Human Rights Law,17-10-2024,Thu,12:00,13:00,IB,2
Law,International Law,17-10-2024,Thu,13:00,14:00,IB,2
Law,CSPS,17-10-2024,Thu,14:00,16:00,IB,2
Law,Constitutional Law,18-10-2024,Fri,9:00,10:00,IB,2
Law,Law of Tort,18-10-2024,Fri,10:00,11:00,IB,2
Law,Administrative Law,18-10-2024,Fri,11:00,12:00,IB,2
Law,Law of Contract,18-10-2024,Fri,12:00,13:00,IB,2
Law,CPE,18-10-2024,Fri,13:00,14:00,IB,2
Law,Advanced Civil Law,18-10-2024,Fri,14:00,16:00,IB,2
Law,Legal History,21-10-2024,Mon,9:00,10:00,IB,2
Law,Constitutional Law,21-10-2024,Mon,10:00,11:00,IB,2
Law,Law of Tort,21-10-2024,Mon,11:00,12:00,IB,2
Law,Land Law,21-10-2024,Mon,12:00,13:00,IB,2
Law,Human Rights Law,21-10-2024,Mon,13:00,14:00,IB,2
Law,CPE,21-10-2024,Mon,14:00,15:00,IB,2
Law,Family Law,22-10-2024,Tue,9:00,11:00,IB,2
Law,Civil Law in Context,22-10-2024,Tue,11:00,13:00,IB,2
Law,Legal History,22-10-2024,Tue,13:00,14:00,IB,2
Law,Jurisprudence,22-10-2024,Tue,16:00,18:00,IB,2
Law,International Law,23-10-2024,Wed,9:00,10:00,IB,2
Law,Constitutional Law,23-10-2024,Wed,10:00,11:00,IB,2
Law,Law of Tort,23-10-2024,Wed,11:00,12:00,IB,2
Law,Land Law,23-10-2024,Wed,12:00,14:00,IB,2
Law,Administrative Law,24-10-2024,Thu,9:00,10:00,IB,2
Law,Law of Contract,24-10-2024,Thu,10:00,12:00,IB,2
Law,Human Rights Law,24-10-2024,Thu,12:00,13:00,IB,2
Law,International Law,24-10-2024,Thu,13:00,14:00,IB,2
Law,CSPS,24-10-2024,Thu,14:00,16:00,IB,2
Law,Constitutional Law,25-10-2024,Fri,9:00,10:00,IB,2
Law,Law of Tort,25-10-2024,Fri,10:00,11:00,IB,2
Law,Administrative Law,25-10-2024,Fri,11:00,12:00,IB,2
Law,Law of Contract,25-10-2024,Fri,12:00,13:00,IB,2
Law,CPE,25-10-2024,Fri,13:00,14:00,IB,2
Law,Advanced Civil Law,25-10-2024,Fri,14:00,16:00,IB,2
Law,Legal History,28-10-2024,Mon,9:00,10:00,IB,2
Law,Constitutional Law,28-10-2024,Mon,10:00,11:00,IB,2
Law,Law of Tort,28-10-2024,Mon,11:00,12:00,IB,2
Law,Land Law,28-10-2024,Mon,12:00,13:00,IB,2
Law,Human Rights Law,28-10-2024,Mon,13:00,14:00,IB,2
Law,CPE,28-10-2024,Mon,14:00,15:00,IB,2
Law,Family Law,29-10-2024,Tue,9:00,11:00,IB,2
Law,Civil Law in Context,29-10-2024,Tue,11:00,13:00,IB,2
Law,Legal History,29-10-2024,Tue,13:00,14:00,IB,2
Law,Jurisprudence,29-10-2024,Tue,16:00,18:00,IB,2
Law,International Law,30-10-2024,Wed,9:00,10:00,IB,2
Law,Constitutional Law,30-10-2024,Wed,10:00,11:00,IB,2
Law,Law of Tort,30-10-2024,Wed,11:00,12:00,IB,2
Law,Land Law,30-10-2024,Wed,12:00,14:00,IB,2
Law,Administrative Law,31-10-2024,Thu,9:00,10:00,IB,2
Law,Law of Contract,31-10-2024,Thu,10:00,12:00,IB,2
Law,Human Rights Law,31-10-2024,Thu,12:00,13:00,IB,2
Law,International Law,31-10-2024,Thu,13:00,14:00,IB,2
Law,CSPS,31-10-2024,Thu,14:00,16:00,IB,2
Law,Constitutional Law,01-11-2024,Fri,9:00,10:00,IB,2
Law,Law of Tort,01-11-2024,Fri,10:00,11:00,IB,2
Law,Administrative Law,01-11-2024,Fri,11:00,12:00,IB,2
Law,Law of Contract,01-11-2024,Fri,12:00,13:00,IB,2
Law,CPE,01-11-2024,Fri,13:00,14:00,IB,2
Law,Advanced Civil Law,01-11-2024,Fri,14:00,16:00,IB,2
Law,Legal History,04-11-2024,Mon,9:00,10:00,IB,2
Law,Constitutional Law,04-11-2024,Mon,10:00,11:00,IB,2
Law,Law of Tort,04-11-2024,Mon,11:00,12:00,IB,2
Law,Land Law,04-11-2024,Mon,12:00,13:00,IB,2
Law,Human Rights Law,04-11-2024,Mon,13:00,14:00,IB,2
Law,CPE,04-11-2024,Mon,14:00,15:00,IB,2
Law,Family Law,05-11-2024,Tue,9:00,11:00,IB,2
Law,Civil Law in Context,05-11-2024,Tue,11:00,13:00,IB,2
Law,Legal History,05-11-2024,Tue,13:00,14:00,IB,2
Law,Jurisprudence,05-11-2024,Tue,16:00,18:00,IB,2
Law,International Law,06-11-2024,Wed,9:00,10:00,IB,2
Law,Constitutional Law,06-11-2024,Wed,10:00,11:00,IB,2
Law,Law of Tort,06-11-2024,Wed,11:00,12:00,IB,2
Law,Land Law,06-11-2024,Wed,12:00,14:00,IB,2
Law,Administrative Law,07-11-2024,Thu,9:00,10:00,IB,2
Law,Law of Contract,07-11-2024,Thu,10:00,12:00,IB,2
Law,Human Rights Law,07-11-2024,Thu,12:00,13:00,IB,2
Law,International Law,07-11-2024,Thu,13:00,14:00,IB,2
Law,CSPS,07-11-2024,Thu,14:00,16:00,IB,2
Law,Constitutional Law,08-11-2024,Fri,9:00,10:00,IB,2
Law,Law of Tort,08-11-2024,Fri,10:00,11:00,IB,2
Law,Administrative Law,08-11-2024,Fri,11:00,12:00,IB,2
Law,Law of Contract,08-11-2024,Fri,12:00,13:00,IB,2
Law,CPE,08-11-2024,Fri,13:00,14:00,IB,2
Law,Advanced Civil Law,08-11-2024,Fri,14:00,16:00,IB,2
Law,Legal History,11-11-2024,Mon,9:00,10:00,IB,2
Law,Constitutional Law,11-11-2024,Mon,10:00,11:00,IB,2
Law,Law of Tort,11-11-2024,Mon,11:00,12:00,IB,2
Law,Land Law,11-11-2024,Mon,12:00,13:00,IB,2
Law,Human Rights Law,11-11-2024,Mon,13:00,14:00,IB,2
Law,CPE,11-11-2024,Mon,14:00,15:00,IB,2
Law,Family Law,12-11-2024,Tue,9:00,11:00,IB,2
Law,Civil Law in Context,12-11-2024,Tue,11:00,13:00,IB,2
Law,Legal History,12-11-2024,Tue,13:00,14:00,IB,2
Law,Jurisprudence,12-11-2024,Tue,16:00,18:00,IB,2
Law,International Law,13-11-2024,Wed,9:00,10:00,IB,2
Law,Constitutional Law,13-11-2024,Wed,10:00,11:00,IB,2
Law,Law of Tort,13-11-2024,Wed,11:00,12:00,IB,2
Law,Land Law,13-11-2024,Wed,12:00,14:00,IB,2
Law,Administrative Law,14-11-2024,Thu,9:00,10:00,IB,2
Law,Law of Contract,14-11-2024,Thu,10:00,12:00,IB,2
Law,Human Rights Law,14-11-2024,Thu,12:00,13:00,IB,2
Law,International Law,14-11-2024,Thu,13:00,14:00,IB,2
Law,CSPS,14-11-2024,Thu,14:00,16:00,IB,2
Law,Constitutional Law,15-11-2024,Fri,9:00,10:00,IB,2
Law,Law of Tort,15-11-2024,Fri,10:00,11:00,IB,2
Law,Administrative Law,15-11-2024,Fri,11:00,12:00,IB,2
Law,Law of Contract,15-11-2024,Fri,12:00,13:00,IB,2
Law,CPE,15-11-2024,Fri,13:00,14:00,IB,2
Law,Advanced Civil Law,15-11-2024,Fri,14:00,16:00,IB,2
Law,Legal History,18-11-2024,Mon,9:00,10:00,IB,2
Law,Constitutional Law,18-11-2024,Mon,10:00,11:00,IB,2
Law,Law of Tort,18-11-2024,Mon,11:00,12:00,IB,2
Law,Land Law,18-11-2024,Mon,12:00,13:00,IB,2
Law,Human Rights Law,18-11-2024,Mon,13:00,14:00,IB,2
Law,CPE,18-11-2024,Mon,14:00,15:00,IB,2
Law,Family Law,19-11-2024,Tue,9:00,11:00,IB,2
Law,Civil Law in Context,19-11-2024,Tue,11:00,13:00,IB,2
Law,Legal History,19-11-2024,Tue,13:00,14:00,IB,2
Law,Jurisprudence,19-11-2024,Tue,16:00,18:00,IB,2
Law,International Law,20-11-2024,Wed,9:00,10:00,IB,2
Law,Constitutional Law,20-11-2024,Wed,10:00,11:00,IB,2
Law,Law of Tort,20-11-2024,Wed,11:00,12:00,IB,2
Law,Land Law,20-11-2024,Wed,12:00,14:00,IB,2
Law,Administrative Law,21-11-2024,Thu,9:00,10:00,IB,2
Law,Law of Contract,21-11-2024,Thu,10:00,12:00,IB,2
Law,Human Rights Law,21-11-2024,Thu,12:00,13:00,IB,2
Law,International Law,21-11-2024,Thu,13:00,14:00,IB,2
Law,CSPS,21-11-2024,Thu,14:00,16:00,IB,2
Law,Constitutional Law,22-11-2024,Fri,9:00,10:00,IB,2
Law,Law of Tort,22-11-2024,Fri,10:00,11:00,IB,2
Law,Administrative Law,22-11-2024,Fri,11:00,12:00,IB,2
Law,Law of Contract,22-11-2024,Fri,12:00,13:00,IB,2
Law,CPE,22-11-2024,Fri,13:00,14:00,IB,2
Law,Advanced Civil Law,22-11-2024,Fri,14:00,16:00,IB,2
Law,Legal History,25-11-2024,Mon,9:00,10:00,IB,2
Law,Constitutional Law,25-11-2024,Mon,10:00,11:00,IB,2
Law,Law of Tort,25-11-2024,Mon,11:00,12:00,IB,2
Law,Land Law,25-11-2024,Mon,12:00,13:00,IB,2
Law,Human Rights Law,25-11-2024,Mon,13:00,14:00,IB,2
Law,CPE,25-11-2024,Mon,14:00,15:00,IB,2
Law,Family Law,26-11-2024,Tue,9:00,11:00,IB,2
Law,Civil Law in Context,26-11-2024,Tue,11:00,13:00,IB,2
Law,Legal History,26-11-2024,Tue,13:00,14:00,IB,2
Law,Jurisprudence,26-11-2024,Tue,16:00,18:00,IB,2
Law,International Law,27-11-2024,Wed,9:00,10:00,IB,2
Law,Constitutional Law,27-11-2024,Wed,10:00,11:00,IB,2
Law,Law of Tort,27-11-2024,Wed,11:00,12:00,IB,2
Law,Land Law,27-11-2024,Wed,12:00,14:00,IB,2
Law,Administrative Law,28-11-2024,Thu,9:00,10:00,IB,2
Law,Law of Contract,28-11-2024,Thu,10:00,12:00,IB,2
Law,Human Rights Law,28-11-2024,Thu,12:00,13:00,IB,2
Law,International Law,28-11-2024,Thu,13:00,14:00,IB,2
Law,CSPS,28-11-2024,Thu,14:00,16:00,IB,2
Law,Constitutional Law,29-11-2024,Fri,9:00,10:00,IB,2
Law,Law of Tort,29-11-2024,Fri,10:00,11:00,IB,2
Law,Administrative Law,29-11-2024,Fri,11:00,12:00,IB,2
Law,Law of Contract,29-11-2024,Fri,12:00,13:00,IB,2
Law,CPE,29-11-2024,Fri,13:00,14:00,IB,2
Law,Advanced Civil Law,29-11-2024,Fri,14:00,16:00,IB,2
Law,Legal History,02-12-2024,Mon,9:00,10:00,IB,2
Law,Constitutional Law,02-12-2024,Mon,10:00,11:00,IB,2
Law,Law of Tort,02-12-2024,Mon,11:00,12:00,IB,2
Law,Land Law,02-12-2024,Mon,12:00,13:00,IB,2
Law,Human Rights Law,02-12-2024,Mon,13:00,14:00,IB,2
Law,CPE,02-12-2024,Mon,14:00,15:00,IB,2
Law,Family Law,03-12-2024,Tue,9:00,11:00,IB,2
Law,Civil Law in Context,03-12-2024,Tue,11:00,13:00,IB,2
Law,Legal History,03-12-2024,Tue,13:00,14:00,IB,2
Law,Jurisprudence,03-12-2024,Tue,16:00,18:00,IB,2
Law,International Law,04-12-2024,Wed,9:00,10:00,IB,2
Law,Constitutional Law,04-12-2024,Wed,10:00,11:00,IB,2
Law,Law of Tort,04-12-2024,Wed,11:00,12:00,IB,2
Law,Land Law,04-12-2024,Wed,12:00,13:00,IB,2
Law,Administrative Law,23-01-2025,Thu,9:00,10:00,IB,2
Law,Law of Contract,23-01-2025,Thu,11:00,12:00,IB,2
Law,Human Rights Law,23-01-2025,Thu,12:00,13:00,IB,2
Law,International Law,23-01-2025,Thu,13:00,14:00,IB,2
Law,CSPS,23-01-2025,Thu,14:00,16:00,IB,2
Law,Administrative Law,24-01-2025,Fri,11:00,12:00,IB,2
Law,Civil Law in Context,24-01-2025,Fri,11:00,12:00,IB,2
Law,Law of Contract,24-01-2025,Fri,12:00,13:00,IB,2
Law,CPE,24-01-2025,Fri,13:00,14:00,IB,2
Law,Advanced Civil Law,24-01-2025,Fri,14:00,16:00,IB,2
Law,Legal History,27-01-2025,Mon,9:00,10:00,IB,2
Law,Constitutional Law,27-01-2025,Mon,10:00,11:00,IB,2
Law,Law of Tort,27-01-2025,Mon,11:00,12:00,IB,2
Law,Land Law,27-01-2025,Mon,12:00,13:00,IB,2
Law,Human Rights Law,27-01-2025,Mon,13:00,14:00,IB,2
Law,CPE,27-01-2025,Mon,14:00,15:00,IB,2
Law,Family Law,28-01-2025,Tue,9:00,11:00,IB,2
Law,Civil Law in Context,28-01-2025,Tue,11:00,13:00,IB,2
Law,Legal History,28-01-2025,Tue,13:00,14:00,IB,2
Law,Jurisprudence,28-01-2025,Tue,16:00,18:00,IB,2
Law,International Law,29-01-2025,Wed,9:00,10:00,IB,2
Law,Constitutional Law,29-01-2025,Wed,10:00,11:00,IB,2
Law,Law of Tort,29-01-2025,Wed,11:00,12:00,IB,2
Law,Land Law,29-01-2025,Wed,12:00,14:00,IB,2
Law,Administrative Law,30-01-2025,Thu,9:00,10:00,IB,2
Law,Law of Contract,30-01-2025,Thu,11:00,12:00,IB,2
Law,Human Rights Law,30-01-2025,Thu,12:00,13:00,IB,2
Law,International Law,30-01-2025,Thu,13:00,14:00,IB,2
Law,CSPS,30-01-2025,Thu,14:00,16:00,IB,2
Law,Administrative Law,31-01-2025,Fri,11:00,12:00,IB,2
Law,Civil Law in Context,31-01-2025,Fri,11:00,12:00,IB,2
Law,Law of Contract,31-01-2025,Fri,12:00,13:00,IB,2
Law,CPE,31-01-2025,Fri,13:00,14:00,IB,2
Law,Advanced Civil Law,31-01-2025,Fri,14:00,16:00,IB,2
Law,Legal History,03-02-2025,Mon,9:00,10:00,IB,2
Law,Constitutional Law,03-02-2025,Mon,10:00,11:00,IB,2
Law,Law of Tort,03-02-2025,Mon,11:00,12:00,IB,2
Law,Land Law,03-02-2025,Mon,12:00,13:00,IB,2
Law,Human Rights Law,03-02-2025,Mon,13:00,14:00,IB,2
Law,CPE,03-02-2025,Mon,14:00,15:00,IB,2
Law,Family Law,04-02-2025,Tue,9:00,11:00,IB,2
Law,Civil Law in Context,04-02-2025,Tue,11:00,13:00,IB,2
Law,Legal History,04-02-2025,Tue,13:00,14:00,IB,2
Law,Jurisprudence,04-02-2025,Tue,16:00,18:00,IB,2
Law,International Law,05-02-2025,Wed,9:00,10:00,IB,2
Law,Constitutional Law,05-02-2025,Wed,10:00,11:00,IB,2
Law,Law of Tort,05-02-2025,Wed,11:00,12:00,IB,2
Law,Land Law,05-02-2025,Wed,12:00,13:00,IB,2
Law,Administrative Law,06-02-2025,Thu,9:00,10:00,IB,2
Law,Law of Contract,06-02-2025,Thu,11:00,12:00,IB,2
Law,Human Rights Law,06-02-2025,Thu,12:00,13:00,IB,2
Law,International Law,06-02-2025,Thu,13:00,14:00,IB,2
Law,CSPS,06-02-2025,Thu,14:00,16:00,IB,2
Law,Administrative Law,07-02-2025,Fri,11:00,12:00,IB,2
Law,Civil Law in Context,07-02-2025,Fri,11:00,12:00,IB,2
Law,Law of Contract,07-02-2025,Fri,12:00,13:00,IB,2
Law,CPE,07-02-2025,Fri,13:00,14:00,IB,2
Law,Advanced Civil Law,07-02-2025,Fri,14:00,16:00,IB,2
Law,Legal History,10-02-2025,Mon,9:00,10:00,IB,2
Law,Constitutional Law,10-02-2025,Mon,10:00,11:00,IB,2
Law,Law of Tort,10-02-2025,Mon,11:00,12:00,IB,2
Law,Land Law,10-02-2025,Mon,12:00,13:00,IB,2
Law,Human Rights Law,10-02-2025,Mon,13:00,14:00,IB,2
Law,CPE,10-02-2025,Mon,14:00,15:00,IB,2
Law,Family Law,11-02-2025,Tue,9:00,11:00,IB,2
Law,Civil Law in Context,11-02-2025,Tue,11:00,13:00,IB,2
Law,Legal History,11-02-2025,Tue,13:00,14:00,IB,2
Law,Jurisprudence,11-02-2025,Tue,16:00,18:00,IB,2
Law,International Law,12-02-2025,Wed,9:00,10:00,IB,2
Law,Constitutional Law,12-02-2025,Wed,10:00,11:00,IB,2
Law,Law of Tort,12-02-2025,Wed,11:00,12:00,IB,2
Law,Land Law,12-02-2025,Wed,12:00,13:00,IB,2
Law,Administrative Law,13-02-2025,Thu,9:00,10:00,IB,2
Law,Law of Contract,13-02-2025,Thu,11:00,12:00,IB,2
Law,Human Rights Law,13-02-2025,Thu,12:00,13:00,IB,2
Law,International Law,13-02-2025,Thu,13:00,14:00,IB,2
Law,CSPS,13-02-2025,Thu,14:00,16:00,IB,2
Law,Administrative Law,14-02-2025,Fri,11:00,12:00,IB,2
Law,Civil Law in Context,14-02-2025,Fri,11:00,12:00,IB,2
Law,Law of Contract,14-02-2025,Fri,12:00,13:00,IB,2
Law,CPE,14-02-2025,Fri,13:00,14:00,IB,2
Law,Advanced Civil Law,14-02-2025,Fri,14:00,16:00,IB,2
Law,Legal History,17-02-2025,Mon,9:00,10:00,IB,2
Law,Constitutional Law,17-02-2025,Mon,10:00,11:00,IB,2
Law,Law of Tort,17-02-2025,Mon,11:00,12:00,IB,2
Law,Land Law,17-02-2025,Mon,12:00,13:00,IB,2
Law,Human Rights Law,17-02-2025,Mon,13:00,14:00,IB,2
Law,CPE,17-02-2025,Mon,14:00,15:00,IB,2
Law,Family Law,18-02-2025,Tue,9:00,11:00,IB,2
Law,Civil Law in Context,18-02-2025,Tue,11:00,13:00,IB,2
Law,Legal History,18-02-2025,Tue,13:00,14:00,IB,2
Law,Jurisprudence,18-02-2025,Tue,16:00,18:00,IB,2
Law,International Law,19-02-2025,Wed,9:00,10:00,IB,2
Law,Constitutional Law,19-02-2025,Wed,10:00,11:00,IB,2
Law,Law of Tort,19-02-2025,Wed,11:00,12:00,IB,2
Law,Land Law,19-02-2025,Wed,12:00,13:00,IB,2
Law,Administrative Law,20-02-2025,Thu,9:00,10:00,IB,2
Law,Law of Contract,20-02-2025,Thu,11:00,12:00,IB,2
Law,Human Rights Law,20-02-2025,Thu,12:00,13:00,IB,2
Law,International Law,20-02-2025,Thu,13:00,14:00,IB,2
Law,CSPS,20-02-2025,Thu,14:00,16:00,IB,2
Law,Administrative Law,21-02-2025,Fri,11:00,12:00,IB,2
Law,Civil Law in Context,21-02-2025,Fri,11:00,12:00,IB,2
Law,Law of Contract,21-02-2025,Fri,12:00,13:00,IB,2
Law,CPE,21-02-2025,Fri,13:00,14:00,IB,2
Law,Advanced Civil Law,21-02-2025,Fri,14:00,16:00,IB,2
Law,Legal History,24-02-2025,Mon,9:00,10:00,IB,2
Law,Constitutional Law,24-02-2025,Mon,10:00,11:00,IB,2
Law,Law of Tort,24-02-2025,Mon,11:00,12:00,IB,2
Law,Land Law,24-02-2025,Mon,12:00,13:00,IB,2
Law,Human Rights Law,24-02-2025,Mon,13:00,14:00,IB,2
Law,CPE,24-02-2025,Mon,14:00,15:00,IB,2
Law,Family Law,25-02-2025,Tue,9:00,11:00,IB,2
Law,Civil Law in Context,25-02-2025,Tue,11:00,13:00,IB,2
Law,Legal History,25-02-2025,Tue,13:00,14:00,IB,2
Law,Jurisprudence,25-02-2025,Tue,16:00,18:00,IB,2
Law,International Law,26-02-2025,Wed,9:00,10:00,IB,2
Law,Constitutional Law,26-02-2025,Wed,10:00,11:00,IB,2
Law,Law of Tort,26-02-2025,Wed,11:00,12:00,IB,2
Law,Land Law,26-02-2025,Wed,12:00,13:00,IB,2
Law,Administrative Law,27-02-2025,Thu,9:00,10:00,IB,2
Law,Law of Contract,27-02-2025,Thu,11:00,12:00,IB,2
Law,Human Rights Law,27-02-2025,Thu,12:00,13:00,IB,2
Law,International Law,27-02-2025,Thu,13:00,14:00,IB,2
Law,CSPS,27-02-2025,Thu,14:00,16:00,IB,2
Law,Administrative Law,28-02-2025,Fri,11:00,12:00,IB,2
Law,Civil Law in Context,28-02-2025,Fri,11:00,12:00,IB,2
Law,Law of Contract,28-02-2025,Fri,12:00,13:00,IB,2
Law,CPE,28-02-2025,Fri,13:00,14:00,IB,2
Law,Advanced Civil Law,28-02-2025,Fri,14:00,16:00,IB,2
Law,Legal History,03-03-2025,Mon,9:00,10:00,IB,2
Law,Constitutional Law,03-03-2025,Mon,10:00,11:00,IB,2
Law,Law of Tort,03-03-2025,Mon,11:00,12:00,IB,2
Law,Land Law,03-03-2025,Mon,12:00,13:00,IB,2
Law,Human Rights Law,03-03-2025,Mon,13:00,14:00,IB,2
Law,CPE,03-03-2025,Mon,14:00,15:00,IB,2
Law,Family Law,04-03-2025,Tue,9:00,11:00,IB,2
Law,Civil Law in Context,04-03-2025,Tue,11:00,13:00,IB,2
Law,Legal History,04-03-2025,Tue,13:00,14:00,IB,2
Law,Jurisprudence,04-03-2025,Tue,16:00,18:00,IB,2
Law,International Law,05-03-2025,Wed,9:00,10:00,IB,2
Law,Constitutional Law,05-03-2025,Wed,10:00,11:00,IB,2
Law,Law of Tort,05-03-2025,Wed,11:00,12:00,IB,2
Law,Land Law,05-03-2025,Wed,12:00,13:00,IB,2
Law,Administrative Law,06-03-2025,Thu,9:00,10:00,IB,2
Law,Law of Contract,06-03-2025,Thu,11:00,12:00,IB,2
Law,Human Rights Law,06-03-2025,Thu,12:00,13:00,IB,2
Law,International Law,06-03-2025,Thu,13:00,14:00,IB,2
Law,CSPS,06-03-2025,Thu,14:00,16:00,IB,2
Law,Administrative Law,07-03-2025,Fri,11:00,12:00,IB,2
Law,Civil Law in Context,07-03-2025,Fri,11:00,12:00,IB,2
Law,Law of Contract,07-03-2025,Fri,12:00,13:00,IB,2
Law,CPE,07-03-2025,Fri,13:00,14:00,IB,2
Law,Advanced Civil Law,07-03-2025,Fri,14:00,16:00,IB,2
Law,Legal History,10-03-2025,Mon,9:00,10:00,IB,2
Law,Constitutional Law,10-03-2025,Mon,10:00,11:00,IB,2
Law,Law of Tort,10-03-2025,Mon,11:00,12:00,IB,2
Law,Land Law,10-03-2025,Mon,12:00,13:00,IB,2
Law,Human Rights Law,10-03-2025,Mon,13:00,14:00,IB,2
Law,CPE,10-03-2025,Mon,14:00,15:00,IB,2
Law,Family Law,11-03-2025,Tue,9:00,11:00,IB,2
Law,Civil Law in Context,11-03-2025,Tue,11:00,13:00,IB,2
Law,Legal History,11-03-2025,Tue,13:00,14:00,IB,2
Law,Jurisprudence,11-03-2025,Tue,16:00,18:00,IB,2
Law,International Law,12-03-2025,Wed,9:00,10:00,IB,2
Law,Constitutional Law,12-03-2025,Wed,10:00,11:00,IB,2
Law,Law of Tort,12-03-2025,Wed,11:00,12:00,IB,2
Law,Land Law,12-03-2025,Wed,12:00,14:00,IB,2
Law,Administrative Law,13-03-2025,Thu,9:00,10:00,IB,2
Law,Law of Contract,13-03-2025,Thu,11:00,12:00,IB,2
Law,Human Rights Law,13-03-2025,Thu,12:00,13:00,IB,2
Law,International Law,13-03-2025,Thu,13:00,14:00,IB,2
Law,CSPS,13-03-2025,Thu,14:00,16:00,IB,2
Law,Administrative Law,14-03-2025,Fri,11:00,12:00,IB,2
Law,Civil Law in Context,14-03-2025,Fri,11:00,12:00,IB,2
Law,Law of Contract,14-03-2025,Fri,12:00,13:00,IB,2
Law,CPE,14-03-2025,Fri,13:00,14:00,IB,2
Law,Advanced Civil Law,14-03-2025,Fri,14:00,16:00,IB,2
Law,Legal History,17-03-2025,Mon,9:00,10:00,IB,2
Law,Constitutional Law,17-03-2025,Mon,10:00,11:00,IB,2
Law,Law of Tort,17-03-2025,Mon,11:00,12:00,IB,2
Law,Land Law,17-03-2025,Mon,12:00,13:00,IB,2
Law,Human Rights Law,17-03-2025,Mon,13:00,14:00,IB,2
Law,CPE,17-03-2025,Mon,14:00,15:00,IB,2
Law,Family Law,18-03-2025,Tue,9:00,11:00,IB,2
Law,Civil Law in Context,18-03-2025,Tue,11:00,13:00,IB,2
Law,Legal History,18-03-2025,Tue,13:00,14:00,IB,2
Law,Jurisprudence,18-03-2025,Tue,16:00,18:00,IB,2
Law,International Law,19-03-2025,Wed,9:00,10:00,IB,2
Law,Constitutional Law,19-03-2025,Wed,10:00,11:00,IB,2
Law,Law of Tort,19-03-2025,Wed,11:00,12:00,IB,2
Law,Land Law,19-03-2025,Wed,12:00,13:00,IB,2
English,Study Skills (4L) (General),10-10-2024,Thu,9:00,10:00,IB,2
English,"Introductory IB.4 Circus (10L, twice weekly)",10-10-2024,Thu,10:00,11:00,IB,2
English,Introductory IB.7a/b Circus (5L),10-10-2024,Thu,12:00,13:00,IB,2
English,"Introductory IB.4 Circus (10L, twice weekly)",10-10-2024,Thu,12:00,13:00,IB,2
English,Study Skills (4L) (General) - TODAY'S LECTURE IS POSTPONED,11-10-2024,Fri,9:00,10:00,IB,2
English,"Introductory IB.4 Circus (10L, twice weekly)",11-10-2024,Fri,10:00,11:00,IB,2
English,Critical Tools Lecture Circus (4L) (IA.1),11-10-2024,Fri,11:00,12:00,IB,2
English,Introductory IB.7a/b Circus (5L),11-10-2024,Fri,12:00,13:00,IB,2
English,"Introductory IB.4 Circus (10L, twice weekly)",11-10-2024,Fri,12:00,13:00,IB,2
English,Study Skills (4L) (General) - TODAY'S LECTURE IS POSTPONED,14-10-2024,Mon,9:00,10:00,IB,2
English,"Introductory IB.4 Circus (10L, twice weekly)",14-10-2024,Mon,10:00,11:00,IB,2
English,Introductory IB.7a/b Circus (5L),14-10-2024,Mon,12:00,13:00,IB,2
English,"Introductory IB.4 Circus (10L, twice weekly)",14-10-2024,Mon,12:00,13:00,IB,2
English,Modern Dramaturgy (3L) (IB.7a/b),15-10-2024,Tue,9:00,10:00,IB,2
English,Study Skills (4L) (General),15-10-2024,Tue,9:00,10:00,IB,2
English,"Introductory IB.4 Circus (10L, twice weekly)",15-10-2024,Tue,10:00,11:00,IB,2
English,Introductory IB.7a/b Circus (5L),15-10-2024,Tue,12:00,13:00,IB,2
English,"Introductory IB.4 Circus (10L, twice weekly)",15-10-2024,Tue,12:00,13:00,IB,2
English,"Introductory IB.4 Circus (10L, twice weekly)",16-10-2024,Wed,10:00,11:00,IB,2
English,Introductory IB.7a/b Circus (5L),16-10-2024,Wed,12:00,13:00,IB,2
English,"Introductory IB.4 Circus (10L, twice weekly)",16-10-2024,Wed,12:00,13:00,IB,2
English,Chaucer's Dream Visions (3L) (IB.4),17-10-2024,Thu,10:00,11:00,IB,2
English,Literature and Socialist Thought in the 19th Century (4L) (IB.7a/b),17-10-2024,Thu,12:00,13:00,IB,2
English,'Sir Gawain and the Green Knight' Commentary for Section A (3L) (IB.4),18-10-2024,Fri,9:00,10:00,IB,2
English,PCCP: Critical Paradigms and Debates Circus (8L) (IA.1),18-10-2024,Fri,10:00,11:00,IB,2
English,Critical Practice Lecture Circus (4L) (IA.1),18-10-2024,Fri,11:00,12:00,IB,2
English,Second Thoughts (4L) (IB.7a/b),18-10-2024,Fri,12:00,13:00,IB,2
English,Religion and Heresy: The Gawain Poet (2L) (IB.4),18-10-2024,Fri,12:00,13:00,IB,2
English,Thinking with Novels (7L) (IB.7a/b),18-10-2024,Fri,16:00,17:00,IB,2
English,Transatlantic Conversations (4L) (IB.7a/b),21-10-2024,Mon,9:00,10:00,IB,2
English,Medieval Readers (5L) (IB.4),21-10-2024,Mon,10:00,11:00,IB,2
English,"Joyce, Yeats and Irish Modernism (6L) (IB.7a/b)",21-10-2024,Mon,12:00,13:00,IB,2
English,Places of Medieval Literature (3L) (IB.4),21-10-2024,Mon,12:00,13:00,IB,2
English,Modern Dramaturgy (3L) (IB.7a/b),22-10-2024,Tue,9:00,10:00,IB,2
English,Modernisms (4L) (IB/7a/b),22-10-2024,Tue,10:00,11:00,IB,2
English,'Piers Plowman' Commentary for Section A (3L) (IB.4),22-10-2024,Tue,11:00,12:00,IB,2
English,War Literature: WWI to the 'War on Terror' (6L) (IB.7a/b),22-10-2024,Tue,12:00,13:00,IB,2
English,Victorian Temporalities (4L) (IB.7a/b),23-10-2024,Wed,9:00,10:00,IB,2
English,"Literature, Trauma and Testimony (4L) (IB.7a/b)",23-10-2024,Wed,11:00,12:00,IB,2
English,Chaucer and Knowledge (3L) (IB.4),23-10-2024,Wed,11:00,12:00,IB,2
English,Modern Drama: from Oscar Wilde to Caryl Churchill (6L) (IB.7a/b),23-10-2024,Wed,12:00,13:00,IB,2
English,Chaucer's Dream Visions (3L) (IB.4),24-10-2024,Thu,10:00,11:00,IB,2
English,Literature and Socialist Thought in the 19th Century (4L) (IB.7a/b),24-10-2024,Thu,12:00,13:00,IB,2
English,'Sir Gawain and the Green Knight' Commentary for Section A (3L) (IB.4),25-10-2024,Fri,9:00,10:00,IB,2
English,How to Write an Academic Essay (6L) (General),25-10-2024,Fri,9:00,10:00,IB,2
English,PCCP: Critical Paradigms and Debates Circus (8L) (IA.1),25-10-2024,Fri,10:00,11:00,IB,2
English,Critical Tools Lecture Circus (4L) (IA.1),25-10-2024,Fri,11:00,12:00,IB,2
English,Second Thoughts (4L) (IB.7a/b),25-10-2024,Fri,12:00,13:00,IB,2
English,Religion and Heresy: The Gawain Poet (2L) (IB.4),25-10-2024,Fri,12:00,13:00,IB,2
English,Thinking with Novels (7L) (IB.7a/b),25-10-2024,Fri,16:00,17:00,IB,2
English,Transatlantic Conversations (4L) (IB.7a/b),28-10-2024,Mon,9:00,10:00,IB,2
English,Medieval Readers (5L) (IB.4),28-10-2024,Mon,10:00,11:00,IB,2
English,"Joyce, Yeats and Irish Modernism (6L) (IB.7a/b)",28-10-2024,Mon,12:00,13:00,IB,2
English,Places of Medieval Literature (3L) (IB.4),28-10-2024,Mon,12:00,13:00,IB,2
English,Modern Dramaturgy (3L) (IB.7a/b),29-10-2024,Tue,9:00,10:00,IB,2
English,Modernisms (4L) (IB/7a/b),29-10-2024,Tue,10:00,11:00,IB,2
English,'Piers Plowman' Commentary for Section A (3L) (IB.4),29-10-2024,Tue,11:00,12:00,IB,2
English,War Literature: WWI to the 'War on Terror' (6L) (IB.7a/b),29-10-2024,Tue,12:00,13:00,IB,2
English,Modern Dramaturgy (1C),29-10-2024,Tue,14:00,15:30,IB,2
English,Victorian Temporalities (4L) (IB.7a/b),30-10-2024,Wed,9:00,10:00,IB,2
English,Medieval Bodies (4L) (IB.4),30-10-2024,Wed,10:00,11:00,IB,2
English,"Literature, Trauma and Testimony (4L) (IB.7a/b)",30-10-2024,Wed,11:00,12:00,IB,2
English,Chaucer and Knowledge (3L) (IB.4),30-10-2024,Wed,11:00,12:00,IB,2
English,Modern Drama: from Oscar Wilde to Caryl Churchill (6L) (IB.7a/b),30-10-2024,Wed,12:00,13:00,IB,2
English,Chaucer's Dream Visions (3L) (IB.4),31-10-2024,Thu,10:00,11:00,IB,2
English,Literature and Socialist Thought in the 19th Century (4L) (IB.7a/b),31-10-2024,Thu,12:00,13:00,IB,2
English,'Sir Gawain and the Green Knight' Commentary for Section A (3L) (IB.4),01-11-2024,Fri,9:00,10:00,IB,2
English,How to Write an Academic Essay (6L) (General),01-11-2024,Fri,9:00,10:00,IB,2
English,PCCP: Critical Paradigms and Debates Circus (8L) (IA.1),01-11-2024,Fri,10:00,11:00,IB,2
English,Critical Practice Lecture Circus (4L) (IA.1),01-11-2024,Fri,11:00,12:00,IB,2
English,Second Thoughts (4L) (IB.7a/b),01-11-2024,Fri,12:00,13:00,IB,2
English,A Field Guide to 'Piers Plowman' (2L) (IB.4),01-11-2024,Fri,12:00,13:00,IB,2
English,Thinking with Novels (7L) (IB.7a/b),01-11-2024,Fri,16:00,17:00,IB,2
English,Transatlantic Conversations (4L) (IB.7a/b),04-11-2024,Mon,9:00,10:00,IB,2
English,Medieval Readers (5L) (IB.4),04-11-2024,Mon,10:00,11:00,IB,2
English,"Joyce, Yeats and Irish Modernism (6L) (IB.7a/b): TODAY'S LECTURE IS CANCELLED",04-11-2024,Mon,12:00,13:00,IB,2
English,Places of Medieval Literature (3L) (IB.4),04-11-2024,Mon,12:00,13:00,IB,2
English,Modernisms (4L) (IB/7a/b),05-11-2024,Tue,10:00,11:00,IB,2
English,'Piers Plowman' Commentary for Section A (3L) (IB.4) | CANCELLED,05-11-2024,Tue,11:00,12:00,IB,2
English,War Literature: WWI to the 'War on Terror' (6L) (IB.7a/b),05-11-2024,Tue,12:00,13:00,IB,2
English,Victorian Temporalities (4L) (IB.7a/b),06-11-2024,Wed,9:00,10:00,IB,2
English,Medieval Bodies (4L) (IB.4),06-11-2024,Wed,10:00,11:00,IB,2
English,"Literature, Trauma and Testimony (4L) (IB.7a/b)",06-11-2024,Wed,11:00,12:00,IB,2
English,Chaucer and Knowledge (3L) (IB.4),06-11-2024,Wed,11:00,12:00,IB,2
English,Modern Drama: from Oscar Wilde to Caryl Churchill (6L) (IB.7a/b),06-11-2024,Wed,12:00,13:00,IB,2
English,Sickness and Modernity (4L) (IB.7a/b),07-11-2024,Thu,9:00,10:00,IB,2
English,Troilus and Criseyde Commentary (3L) (IB.4),07-11-2024,Thu,10:00,11:00,IB,2
English,Politics of Practical Criticism (4L) (IA.1),07-11-2024,Thu,11:00,12:00,IB,2
English,Literature and Socialist Thought in the 19th Century (4L) (IB.7a/b),07-11-2024,Thu,12:00,13:00,IB,2
English,How to Write an Academic Essay (6L) (General),08-11-2024,Fri,9:00,10:00,IB,2
English,PCCP: Critical Paradigms and Debates Circus (8L) (IA.1),08-11-2024,Fri,10:00,11:00,IB,2
English,Critical Tools Lecture Circus (4L) (IA.1),08-11-2024,Fri,11:00,12:00,IB,2
English,Second Thoughts (4L) (IB.7a/b),08-11-2024,Fri,12:00,13:00,IB,2
English,A Field Guide to 'Piers Plowman' (2L) (IB.4): TODAY'S LECTURE IS CANCELLED,08-11-2024,Fri,12:00,13:00,IB,2
English,Theatrical Contexts for Dissertations (1S) (General),08-11-2024,Fri,12:30,14:00,IB,2
English,Theatrical Contexts for Dissertations (1S) (General),08-11-2024,Fri,12:30,14:00,IB,2
English,Thinking with Novels (7L) (IB.7a/b),08-11-2024,Fri,16:00,17:00,IB,2
English,Transatlantic Conversations (4L) (IB.7a/b),11-11-2024,Mon,9:00,10:00,IB,2
English,Medieval Readers (5L) (IB.4),11-11-2024,Mon,10:00,11:00,IB,2
English,The Best Which Has Been Thought and Said (4L) (General),11-11-2024,Mon,11:00,12:00,IB,2
English,"Joyce, Yeats and Irish Modernism (6L) (IB.7a/b)",11-11-2024,Mon,12:00,13:00,IB,2
English,Medieval Drama: Rethinking Beginnings and Endings (1L) (IB.4),11-11-2024,Mon,12:00,13:00,IB,2
English,Modernisms (4L) (IB/7a/b),12-11-2024,Tue,10:00,11:00,IB,2
English,Chaucerian Communities (3L) (IB.4),12-11-2024,Tue,11:00,12:00,IB,2
English,War Literature: WWI to the 'War on Terror' (6L) (IB.7a/b),12-11-2024,Tue,12:00,13:00,IB,2
English,Victorian Temporalities (4L) (IB.7a/b),13-11-2024,Wed,9:00,10:00,IB,2
English,Medieval Bodies (4L) (IB.4),13-11-2024,Wed,10:00,11:00,IB,2
English,"Literature, Trauma and Testimony (4L) (IB.7a/b)",13-11-2024,Wed,11:00,12:00,IB,2
English,Modern Drama: from Oscar Wilde to Caryl Churchill (6L) (IB.7a/b),13-11-2024,Wed,12:00,13:00,IB,2
English,Sickness and Modernity (4L) (IB.7a/b),14-11-2024,Thu,9:00,10:00,IB,2
English,Troilus and Criseyde Commentary (3L) (IB.4),14-11-2024,Thu,10:00,11:00,IB,2
English,Politics of Practical Criticism (4L) (IA.1),14-11-2024,Thu,11:00,12:00,IB,2
English,How to Write an Academic Essay (6L) (General),15-11-2024,Fri,9:00,10:00,IB,2
English,PCCP: Critical Paradigms and Debates Circus (8L) (IA.1),15-11-2024,Fri,10:00,11:00,IB,2
English,Critical Practice Lecture Circus (4L) (IA.1),15-11-2024,Fri,11:00,12:00,IB,2
English,Introduction to Devotional and Contemplative Writing: Mystical Language (3L) (IB.4),15-11-2024,Fri,12:00,13:00,IB,2
English,Thinking with Novels (7L) (IB.7a/b),15-11-2024,Fri,16:00,17:00,IB,2
English,Medieval Readers (5L) (IB.4),18-11-2024,Mon,10:00,11:00,IB,2
English,The Best Which Has Been Thought and Said (4L) (General),18-11-2024,Mon,11:00,12:00,IB,2
English,"Joyce, Yeats and Irish Modernism (6L) (IB.7a/b) - TODAY'S LECTURE IS CANCELLED",18-11-2024,Mon,12:00,13:00,IB,2
English,Medieval Time (2L) (IB.4),18-11-2024,Mon,12:00,13:00,IB,2
English,Chaucerian Communities (3L) (IB.4),19-11-2024,Tue,11:00,12:00,IB,2
English,War Literature: WWI to the 'War on Terror' (6L) (IB.7a/b),19-11-2024,Tue,12:00,13:00,IB,2
English,Medieval Bodies (4L) (IB.4),20-11-2024,Wed,10:00,11:00,IB,2
English,Medieval Scots (3L) (IB.4),20-11-2024,Wed,11:00,12:00,IB,2
English,Modern Drama: from Oscar Wilde to Caryl Churchill (6L) (IB.7a/b),20-11-2024,Wed,12:00,13:00,IB,2
English,Sickness and Modernity (4L) (IB.7a/b),21-11-2024,Thu,9:00,10:00,IB,2
English,Troilus and Criseyde Commentary (3L) (IB.4),21-11-2024,Thu,10:00,11:00,IB,2
English,Politics of Practical Criticism (4L) (IA.1),21-11-2024,Thu,11:00,12:00,IB,2
English,How to Write an Academic Essay (6L) (General),22-11-2024,Fri,9:00,10:00,IB,2
English,PCCP: Critical Paradigms and Debates Circus (8L) (IA.1),22-11-2024,Fri,10:00,11:00,IB,2
English,Critical Tools Lecture Circus (4L) (IA.1),22-11-2024,Fri,11:00,12:00,IB,2
English,Introduction to Devotional and Contemplative Writing: Mystical Language (3L) (IB.4),22-11-2024,Fri,12:00,13:00,IB,2
English,Thinking with Novels (7L) (IB.7a/b),22-11-2024,Fri,16:00,17:00,IB,2
English,The Best Which Has Been Thought and Said (4L) (General) - TODAY'S LECTURE IS CANCELLED,25-11-2024,Mon,11:00,12:00,IB,2
English,"Joyce, Yeats and Irish Modernism (6L) (IB.7a/b)",25-11-2024,Mon,12:00,13:00,IB,2
English,Medieval Time (2L) (IB.4),25-11-2024,Mon,12:00,13:00,IB,2
English,Chaucerian Communities (3L) (IB.4),26-11-2024,Tue,11:00,12:00,IB,2
English,War Literature: WWI to the 'War on Terror' (6L) (IB.7a/b),26-11-2024,Tue,12:00,13:00,IB,2
English,Medieval Scots (3L) (IB.4),27-11-2024,Wed,11:00,12:00,IB,2
English,Modern Drama: from Oscar Wilde to Caryl Churchill (6L) (IB.7a/b),27-11-2024,Wed,12:00,13:00,IB,2
English,Sickness and Modernity (4L) (IB.7a/b),28-11-2024,Thu,9:00,10:00,IB,2
English,Politics of Practical Criticism (4L) (IA.1),28-11-2024,Thu,11:00,12:00,IB,2
English,PCCP: Critical Paradigms and Debates Circus (8L) (IA.1),29-11-2024,Fri,9:00,10:00,IB,2
English,How to Write an Academic Essay (6L) (General),29-11-2024,Fri,9:00,10:00,IB,2
English,PCCP: Critical Paradigms and Debates Circus (8L) (IA.1),29-11-2024,Fri,10:00,11:00,IB,2
English,Critical Practice Lecture Circus (4L) (IA.1),29-11-2024,Fri,11:00,12:00,IB,2
English,Introduction to Devotional and Contemplative Writing: Mystical Language (3L) (IB.4) - TODAY'S LECTURE IS CANCELLED,29-11-2024,Fri,12:00,13:00,IB,2
English,Thinking with Novels (7L) (IB.7a/b) - TODAY'S LECTURE IS CANCELLED,29-11-2024,Fri,16:00,17:00,IB,2
English,The Best Which Has Been Thought and Said (4L) (General),02-12-2024,Mon,11:00,12:00,IB,2
English,Introduction to Devotional and Contemplative Writing: Mystical Language (3L) (IB.4),04-12-2024,Wed,10:00,11:00,IB,2
English,Medieval Scots (3L) (IB.4),04-12-2024,Wed,11:00,12:00,IB,2
English,IB 5: Introductory Lecture Circus (5L),23-01-2025,Thu,11:00,12:00,IB,2
English,IB 6: Introductory Lecture Circus (5L),23-01-2025,Thu,12:00,13:00,IB,2
English,PCCP: Critical Paradigms and Debates Circus (8L) (IA.1) TODAY'S LECTURE IS POSTPONED,24-01-2025,Fri,10:00,11:00,IB,2
English,Critical Tools Lecture Circus (4L) (IA.1),24-01-2025,Fri,11:00,12:00,IB,2
English,IB 5: Introductory Lecture Circus (5L),24-01-2025,Fri,11:00,12:00,IB,2
English,IB 6: Introductory Lecture Circus (5L),24-01-2025,Fri,12:00,13:00,IB,2
English,IB 5: Introductory Lecture Circus (5L),27-01-2025,Mon,11:00,12:00,IB,2
English,IB 6: Introductory Lecture Circus (5L),27-01-2025,Mon,12:00,13:00,IB,2
English,Jane Austen and the Novel (4L) (IB.6),28-01-2025,Tue,11:00,12:00,IB,2
English,IB 5: Introductory Lecture Circus (5L): TODAY'S LECTURE IS POSTPONED,28-01-2025,Tue,11:00,12:00,IB,2
English,IB 6: Introductory Lecture Circus (5L),28-01-2025,Tue,12:00,13:00,IB,2
English,IB 5: Introductory Lecture Circus (5L),29-01-2025,Wed,11:00,12:00,IB,2
English,IB 6: Introductory Lecture Circus (5L),29-01-2025,Wed,12:00,13:00,IB,2
English,Writing New Worlds (3L) (IB.6),30-01-2025,Thu,9:00,10:00,IB,2
English,Elizabethan and Jacobean Drama (4L) (IB.5),30-01-2025,Thu,10:00,11:00,IB,2
English,Critical Approaches circus (4L) (IB.5),30-01-2025,Thu,11:00,12:00,IB,2
English,PCCP: Critical Paradigms and Debates Circus (IA.1),30-01-2025,Thu,12:00,13:00,IB,2
English,Shelley and his Circle (5L) (IB.6),30-01-2025,Thu,12:00,13:00,IB,2
English,Anglo-Norman Set Texts (6C) (IB.3),31-01-2025,Fri,9:00,10:00,IB,2
English,PCCP: Critical Paradigms and Debates Circus (8L) (IA.1),31-01-2025,Fri,10:00,11:00,IB,2
English,Critical Practice Lecture Circus (4L) (IA.1),31-01-2025,Fri,11:00,12:00,IB,2
English,Poetics (4L) (IB.5),31-01-2025,Fri,11:00,12:00,IB,2
English,18th Century Fiction (5L) (IB.6),31-01-2025,Fri,12:00,13:00,IB,2
English,Writing Cultures (4L) (IB.5),03-02-2025,Mon,10:00,11:00,IB,2
English,Early Middle English Translation (6C) (IB.3),03-02-2025,Mon,10:00,11:00,IB,2
English,Other Worlds (2L) (IB.5),03-02-2025,Mon,11:00,12:00,IB,2
English,Post-Conquest Literature circus (7L) (IB.3),03-02-2025,Mon,11:00,12:00,IB,2
English,Tactile Values (4L) (IB.6),03-02-2025,Mon,12:00,13:00,IB,2
English,Embodied Renaissance (4L) (IB.5),04-02-2025,Tue,10:00,11:00,IB,2
English,Jane Austen and the Novel (4L) (IB.6),04-02-2025,Tue,11:00,12:00,IB,2
English,Drama (4L) (IB.5),04-02-2025,Tue,11:00,12:00,IB,2
English,Women's humour (3L) (IB.6) THIS LECTURE SERIES IS POSTPONED,04-02-2025,Tue,12:00,13:00,IB,2
English,Latin Texts (6C) (IB.3),04-02-2025,Tue,16:00,17:00,IB,2
English,Renaissance Prose (3L) (IB.5) TODAY'S LECTURE IS POSTPONED,05-02-2025,Wed,9:00,10:00,IB,2
English,Second Generation Romantic Poets (3L) (IB.6),05-02-2025,Wed,10:00,11:00,IB,2
English,"Philip Sidney, Mary Sidney, Mary Wroth (2L) (IB.5)",05-02-2025,Wed,11:00,12:00,IB,2
English,The Social Lives of Things (4L) (IB.6),05-02-2025,Wed,12:00,13:00,IB,2
English,Writing New Worlds (3L) (IB.6),06-02-2025,Thu,9:00,10:00,IB,2
English,Elizabethan and Jacobean Drama (4L) (IB.5),06-02-2025,Thu,10:00,11:00,IB,2
English,Critical Approaches circus (4L) (IB.5),06-02-2025,Thu,11:00,12:00,IB,2
English,Shelley and his Circle (5L) (IB.6),06-02-2025,Thu,12:00,13:00,IB,2
English,Anglo-Norman Set Texts (6C) (IB.3) - TODAY'S CLASS IS POSTPONED,07-02-2025,Fri,9:00,10:00,IB,2
English,PCCP: Critical Paradigms and Debates Circus (8L) (IA.1),07-02-2025,Fri,10:00,11:00,IB,2
English,Critical Tools Lecture Circus (4L) (IA.1) - TODAY'S LECTURE IS CANCELLED,07-02-2025,Fri,11:00,12:00,IB,2
English,Poetics (4L) (IB.5),07-02-2025,Fri,11:00,12:00,IB,2
English,18th Century Fiction (5L) (IB.6),07-02-2025,Fri,12:00,13:00,IB,2
English,Writing Cultures (4L) (IB.5),10-02-2025,Mon,10:00,11:00,IB,2
English,Early Middle English Translation (6C) (IB.3),10-02-2025,Mon,10:00,11:00,IB,2
English,Other Worlds (2L) (IB.5),10-02-2025,Mon,11:00,12:00,IB,2
English,Post-Conquest Literature circus (7L) (IB.3),10-02-2025,Mon,11:00,12:00,IB,2
English,Tactile Values (4L) (IB.6),10-02-2025,Mon,12:00,13:00,IB,2
English,Embodied Renaissance (4L) (IB.5),11-02-2025,Tue,10:00,11:00,IB,2
English,Jane Austen and the Novel (4L) (IB.6),11-02-2025,Tue,11:00,12:00,IB,2
English,Drama (4L) (IB.5),11-02-2025,Tue,11:00,12:00,IB,2
English,Women's humour (3L) (IB.6) THIS LECTURE SERIES IS POSTPONED,11-02-2025,Tue,12:00,13:00,IB,2
English,Latin Texts (6C) (IB.3),11-02-2025,Tue,16:00,17:00,IB,2
English,Renaissance Prose (3L) (IB.5),12-02-2025,Wed,9:00,10:00,IB,2
English,Second Generation Romantic Poets (3L) (IB.6),12-02-2025,Wed,10:00,11:00,IB,2
English,"Philip Sidney, Mary Sidney, Mary Wroth (2L) (IB.5)",12-02-2025,Wed,11:00,12:00,IB,2
English,The Social Lives of Things (4L) (IB.6),12-02-2025,Wed,12:00,13:00,IB,2
English,Writing New Worlds (3L) (IB.6),13-02-2025,Thu,9:00,10:00,IB,2
English,Elizabethan and Jacobean Drama (4L) (IB.5),13-02-2025,Thu,10:00,11:00,IB,2
English,Critical Approaches circus (4L) (IB.5),13-02-2025,Thu,11:00,12:00,IB,2
English,Shelley and his Circle (5L) (IB.6),13-02-2025,Thu,12:00,13:00,IB,2
English,Anglo-Norman Set Texts (6C) (IB.3),14-02-2025,Fri,9:00,10:00,IB,2
English,PCCP: Critical Paradigms and Debates Circus (8L) (IA.1),14-02-2025,Fri,10:00,11:00,IB,2
English,Critical Practice Lecture Circus (4L) (IA.1),14-02-2025,Fri,11:00,12:00,IB,2
English,Poetics (4L) (IB.5) - pre-recorded lecture to be made available on Moodle,14-02-2025,Fri,11:00,12:00,IB,2
English,18th Century Fiction (5L) (IB.6),14-02-2025,Fri,12:00,13:00,IB,2
English,Writing Cultures (4L) (IB.5),17-02-2025,Mon,10:00,11:00,IB,2
English,Early Middle English Translation (6C) (IB.3),17-02-2025,Mon,10:00,11:00,IB,2
English,"Travel Writing, Piracy and Race (3L) (IB.5)",17-02-2025,Mon,11:00,12:00,IB,2
English,Post-Conquest Literature circus (7L) (IB.3),17-02-2025,Mon,11:00,12:00,IB,2
English,Tactile Values (4L) (IB.6),17-02-2025,Mon,12:00,13:00,IB,2
English,Embodied Renaissance (4L) (IB.5),18-02-2025,Tue,10:00,11:00,IB,2
English,Jane Austen and the Novel (4L) (IB.6),18-02-2025,Tue,11:00,12:00,IB,2
English,Drama (4L) (IB.5) - TODAY'S LECTURE IS POSTPONED,18-02-2025,Tue,11:00,12:00,IB,2
English,Women's humour (3L) (IB.6) THIS LECTURE SERIES IS POSTPONED,18-02-2025,Tue,12:00,13:00,IB,2
English,Latin Texts (6C) (IB.3),18-02-2025,Tue,16:00,17:00,IB,2
English,Renaissance Prose (3L) (IB.5),19-02-2025,Wed,9:00,10:00,IB,2
English,Second Generation Romantic Poets (3L) (IB.6),19-02-2025,Wed,10:00,11:00,IB,2
English,Milton (2L) (IB.5),19-02-2025,Wed,11:00,12:00,IB,2
English,The Social Lives of Things (4L) (IB.6),19-02-2025,Wed,12:00,13:00,IB,2
English,Enlightenment to Romanticism in America (2L) (IB.6),20-02-2025,Thu,9:00,10:00,IB,2
English,Elizabethan and Jacobean Drama (4L) (IB.5),20-02-2025,Thu,10:00,11:00,IB,2
English,Critical Approaches circus (4L) (IB.5),20-02-2025,Thu,11:00,12:00,IB,2
English,Shelley and his Circle (5L) (IB.6),20-02-2025,Thu,12:00,13:00,IB,2
English,Anglo-Norman Set Texts (6C) (IB.3),21-02-2025,Fri,9:00,10:00,IB,2
English,PCCP: Critical Paradigms and Debates Circus (8L) (IA.1),21-02-2025,Fri,10:00,11:00,IB,2
English,Critical Tools Lecture Circus (4L) (IA.1),21-02-2025,Fri,11:00,12:00,IB,2
English,Poetics (4L) (IB.5),21-02-2025,Fri,11:00,12:00,IB,2
English,18th Century Fiction (5L) (IB.6),21-02-2025,Fri,12:00,13:00,IB,2
English,Writing Cultures (4L) (IB.5),24-02-2025,Mon,10:00,11:00,IB,2
English,Early Middle English Translation (6C) (IB.3),24-02-2025,Mon,10:00,11:00,IB,2
English,"Travel Writing, Piracy and Race (3L) (IB.5)",24-02-2025,Mon,11:00,12:00,IB,2
English,Post-Conquest Literature circus (7L) (IB.3),24-02-2025,Mon,11:00,12:00,IB,2
English,Tactile Values (4L) (IB.6),24-02-2025,Mon,12:00,13:00,IB,2
English,Embodied Renaissance (4L) (IB.5),25-02-2025,Tue,10:00,11:00,IB,2
English,Drama (4L) (IB.5),25-02-2025,Tue,11:00,12:00,IB,2
English,Latin Texts (6C) (IB.3),25-02-2025,Tue,16:00,17:00,IB,2
English,Renaissance Prose (3L) (IB.5),26-02-2025,Wed,9:00,10:00,IB,2
English,John Clare and Place (2L) (IB.6),26-02-2025,Wed,10:00,11:00,IB,2
English,Milton (2L) (IB.5),26-02-2025,Wed,11:00,12:00,IB,2
English,The Social Lives of Things (4L) (IB.6),26-02-2025,Wed,12:00,13:00,IB,2
English,Enlightenment to Romanticism in America (2L) (IB.6),27-02-2025,Thu,9:00,10:00,IB,2
English,Shelley and his Circle (5L) (IB.6),27-02-2025,Thu,12:00,13:00,IB,2
English,Anglo-Norman Set Texts (6C) (IB.3),28-02-2025,Fri,9:00,10:00,IB,2
English,PCCP: Critical Paradigms and Debates Circus (8L) (IA.1),28-02-2025,Fri,10:00,11:00,IB,2
English,Critical Practice Lecture Circus (4L) (IA.1),28-02-2025,Fri,11:00,12:00,IB,2
English,18th Century Fiction (5L) (IB.6),28-02-2025,Fri,12:00,13:00,IB,2
English,Early Middle English Translation (6C) (IB.3),03-03-2025,Mon,10:00,11:00,IB,2
English,"Travel Writing, Piracy and Race (3L) (IB.5)",03-03-2025,Mon,11:00,12:00,IB,2
English,Post-Conquest Literature circus (7L) (IB.3),03-03-2025,Mon,11:00,12:00,IB,2
English,"Environment, Ecology and Empire (2L) (IB.6)",03-03-2025,Mon,12:00,13:00,IB,2
English,The Essay (2L) (IB.6),04-03-2025,Tue,12:00,13:00,IB,2
English,Latin Texts (6C) (IB.3),04-03-2025,Tue,16:00,17:00,IB,2
English,John Clare and Place (2L) (IB.6),05-03-2025,Wed,10:00,11:00,IB,2
English,Spenser (2L) (IB.5),05-03-2025,Wed,11:00,12:00,IB,2
English,William Blake: Myth and Urizen (1L) (IB.6),05-03-2025,Wed,12:00,13:00,IB,2
English,Anglo-Norman Set Texts (6C) (IB.3),07-03-2025,Fri,9:00,10:00,IB,2
English,PCCP: Critical Paradigms and Debates Circus (8L) (IA.1),07-03-2025,Fri,10:00,11:00,IB,2
English,Critical Tools Lecture Circus (4L) (IA.1),07-03-2025,Fri,11:00,12:00,IB,2
English,Early Middle English Translation (6C) (IB.3),10-03-2025,Mon,10:00,11:00,IB,2
English,Post-Conquest Literature circus (7L) (IB.3),10-03-2025,Mon,11:00,12:00,IB,2
English,"Environment, Ecology and Empire (2L) (IB.6)",10-03-2025,Mon,12:00,13:00,IB,2
English,Drama (1L) (IB.5) - TODAY'S LECTURE IS POSTPONED,11-03-2025,Tue,11:00,12:00,IB,2
English,The Essay (2L) (IB.6),11-03-2025,Tue,12:00,13:00,IB,2
English,Latin Texts (6C) (IB.3),11-03-2025,Tue,16:00,17:00,IB,2
English,Pastoral Versions (2L) (IB.6),12-03-2025,Wed,10:00,11:00,IB,2
English,Spenser (2L) (IB.5),12-03-2025,Wed,11:00,12:00,IB,2
English,Anglo-Norman Set Texts (6C) (IB.3),14-03-2025,Fri,9:00,10:00,IB,2
English,PCCP: Critical Paradigms and Debates Circus (8L) (IA.1),14-03-2025,Fri,10:00,11:00,IB,2
English,Critical Practice Lecture Circus (4L) (IA.1),14-03-2025,Fri,11:00,12:00,IB,2
English,Post-Conquest Literature circus (7L) (IB.3),17-03-2025,Mon,11:00,12:00,IB,2
English,Drama (1L) (IB.5),18-03-2025,Tue,11:00,12:00,IB,2
English,Pastoral Versions (2L) (IB.6),19-03-2025,Wed,10:00,11:00,IB,2
English,An Introduction to World Literature (2L) (IB.7a/b),01-05-2025,Thu,11:00,12:00,IB,2
English,Worlding Forms (2L) (IB.7a/b),01-05-2025,Thu,12:00,13:00,IB,2
English,Women's humour (3L) (IB.6),02-05-2025,Fri,11:00,12:00,IB,2
English,An Introduction to World Literature (2L) (IB.7a/b),08-05-2025,Thu,11:00,12:00,IB,2
English,Worlding Forms (2L) (IB.7a/b),08-05-2025,Thu,12:00,13:00,IB,2
English,Women's humour (3L) (IB.6) - TODAY'S LECTURE IS CANCELLED,09-05-2025,Fri,11:00,12:00,IB,2
English,Women's humour (3L) (IB.6),16-05-2025,Fri,11:00,12:00,IB,2
HSPS,SAN7: Ethics and politics of ethnography,10-10-2024,Thu,10:00,11:00,IIA,2
HSPS,POL4E: Lecture,10-10-2024,Thu,10:00,11:00,IIA,2
HSPS,SAN4b: South America,10-10-2024,Thu,12:30,14:00,IIA,2
HSPS,SAN4a: Africa,10-10-2024,Thu,12:30,14:00,IIA,2
HSPS,POL4: Introduction Lecture,10-10-2024,Thu,13:00,14:00,IIA,2
HSPS,POL7: Introduction Lecture,10-10-2024,Thu,14:00,15:00,IIA,2
HSPS,POL3 Lecture 1: International Organization before International Organizations,10-10-2024,Thu,15:00,16:00,IIA,2
HSPS,Introduction to concepts and arguements in sociology,10-10-2024,Thu,16:00,17:00,IIA,2
HSPS,POL4B: Lecture,11-10-2024,Fri,10:00,11:00,IIA,2
HSPS,SAN4c: Middle East lecture,14-10-2024,Mon,10:00,11:00,IIA,2
HSPS,T2/Paper 4 - Kant I,14-10-2024,Mon,11:00,12:00,IIA,2
HSPS,POL8/10 - Kant I,14-10-2024,Mon,11:00,12:00,IIA,2
HSPS,T2/Paper 4 - Hume I,14-10-2024,Mon,12:00,13:00,IIA,2
HSPS,POL8/10 - Hume I,14-10-2024,Mon,12:00,13:00,IIA,2
HSPS,Soc 5 Quantitative Methods- Background to statistical inference and hypothesis testing,14-10-2024,Mon,14:00,16:00,IIA,2
HSPS,POL4C Lecture 1: State traditions and state formation,14-10-2024,Mon,15:00,16:00,IIA,2
HSPS,POL4D Lecture 1: Out of the Ruins of the Qing Empire,14-10-2024,Mon,16:00,17:00,IIA,2
HSPS,POL7: The History of Political Thought to c.1700,15-10-2024,Tue,9:00,10:00,IIA,2
HSPS,POL3 Lecture 2: Achieving Cooperation under Anarchy,15-10-2024,Tue,11:00,12:00,IIA,2
HSPS,SAN7 EM: Participant observation,15-10-2024,Tue,12:00,13:00,IIA,2
HSPS,"Soc 5 Qualitative Methods- Science, Logic and the Real",15-10-2024,Tue,16:00,17:00,IIA,2
HSPS,POL4A Lecture 1: Comparative Political Economy and The Varieties of Capitalism,15-10-2024,Tue,16:00,17:00,IIA,2
HSPS,POL7: The History of Political Thought to c.1700,16-10-2024,Wed,9:00,10:00,IIA,2
HSPS,POL4F: Lecture,16-10-2024,Wed,12:00,13:00,IIA,2
HSPS,Soc 3 Introduction,16-10-2024,Wed,13:00,14:00,IIA,2
HSPS,SAN4c: Middle East seminars,16-10-2024,Wed,14:00,15:30,IIA,2
HSPS,SAN4d: South Asia,16-10-2024,Wed,14:00,15:30,IIA,2
HSPS,POL4G: Lecture,16-10-2024,Wed,15:00,16:00,IIA,2
HSPS,Global Social Problems,16-10-2024,Wed,16:00,18:00,IIA,2
HSPS,SAN7: Ethics and politics of ethnography,17-10-2024,Thu,10:00,11:00,IIA,2
HSPS,POL4E: Lecture,17-10-2024,Thu,10:00,11:00,IIA,2
HSPS,SAN4b: South America,17-10-2024,Thu,12:30,14:00,IIA,2
HSPS,SAN4a: Africa,17-10-2024,Thu,12:30,14:00,IIA,2
HSPS,POL3 Lecture 3: Rationalist Institutionalism,17-10-2024,Thu,15:00,16:00,IIA,2
HSPS,POL4B: Lecture,18-10-2024,Fri,10:00,11:00,IIA,2
HSPS,SAN4c: Middle East lecture,21-10-2024,Mon,10:00,11:00,IIA,2
HSPS,T2/Paper 4 - Kant II,21-10-2024,Mon,11:00,12:00,IIA,2
HSPS,POL8/10 - Kant II,21-10-2024,Mon,11:00,12:00,IIA,2
HSPS,T2/Paper 4 - Hume II,21-10-2024,Mon,12:00,13:00,IIA,2
HSPS,POL8/10 - Hume II,21-10-2024,Mon,12:00,13:00,IIA,2
HSPS,"Soc 5 Quantitative Methods- Variables, and variable types; graphical tools for describing distributions",21-10-2024,Mon,14:00,16:00,IIA,2
HSPS,POL4C Lecture 2: Nationalism and Nation-Building,21-10-2024,Mon,15:00,16:00,IIA,2
HSPS,POL4D Lecture 2: The Ghost of Chinggis Khan and National Imaginaries,21-10-2024,Mon,16:00,17:00,IIA,2
HSPS,POL7: The History of Political Thought to c.1700,22-10-2024,Tue,9:00,10:00,IIA,2
HSPS,POL3 Lecture 4: International Organizations from a Constructivist Lens,22-10-2024,Tue,11:00,12:00,IIA,2
HSPS,SAN7 EM: Interviews,22-10-2024,Tue,12:00,13:00,IIA,2
HSPS,Soc 5 Qualitative Methods- On Natural Sciences and Social Sciences,22-10-2024,Tue,16:00,17:00,IIA,2
HSPS,POL4A Lecture 2: The Rise of Transatlantic Neoliberalism,22-10-2024,Tue,16:00,17:00,IIA,2
HSPS,POL7: The History of Political Thought to c.1700,23-10-2024,Wed,9:00,10:00,IIA,2
HSPS,SAN3: From evolution to function,23-10-2024,Wed,11:00,12:00,IIA,2
HSPS,POL4F: Lecture,23-10-2024,Wed,12:00,13:00,IIA,2
HSPS,SAN4c: Middle East seminars,23-10-2024,Wed,14:00,15:30,IIA,2
HSPS,SAN4d: Public culture in South Asia,23-10-2024,Wed,14:00,15:30,IIA,2
HSPS,POL4G: Lecture,23-10-2024,Wed,15:00,16:00,IIA,2
HSPS,Global Social Problems,23-10-2024,Wed,16:00,18:00,IIA,2
HSPS,SAN7: Ethics and politics of ethnography,24-10-2024,Thu,10:00,11:00,IIA,2
HSPS,POL4E: Lecture,24-10-2024,Thu,10:00,11:00,IIA,2
HSPS,SAN4b: South America,24-10-2024,Thu,12:30,14:00,IIA,2
HSPS,SAN4a: Africa,24-10-2024,Thu,12:30,14:00,IIA,2
HSPS,POL3 Lecture 5: How Do International Courts Impact World Politics?,24-10-2024,Thu,15:00,16:00,IIA,2
HSPS,POL4B: Lecture,25-10-2024,Fri,10:00,11:00,IIA,2
HSPS,SAN4c: Middle East lecture,28-10-2024,Mon,10:00,11:00,IIA,2
HSPS,T2/Paper 4 - Hegel I,28-10-2024,Mon,11:00,12:00,IIA,2
HSPS,POL8/10 - Hegel I,28-10-2024,Mon,11:00,12:00,IIA,2
HSPS,T2/Paper 4 - Smith I,28-10-2024,Mon,12:00,13:00,IIA,2
HSPS,POL8/10 - Smith I,28-10-2024,Mon,12:00,13:00,IIA,2
HSPS,Soc 5 Quantitative Methods- Measures of central tendency & dispersion; summary statistics,28-10-2024,Mon,15:00,17:00,IIA,2
HSPS,POL4C Lecture 3: Leadership and Ideological Traditions,28-10-2024,Mon,15:00,16:00,IIA,2
HSPS,POL4D Lecture 3: The Myth of Chinas Quiescent Autonomous Region: Inner Mongolia,28-10-2024,Mon,16:00,17:00,IIA,2
HSPS,POL7: The History of Political Thought to c.1700,29-10-2024,Tue,9:00,10:00,IIA,2
HSPS,POL3 Lecture 6: The UN Security Council: Power and Legitimacy,29-10-2024,Tue,11:00,12:00,IIA,2
HSPS,SAN7 EM: Audiovisual methods,29-10-2024,Tue,12:00,13:00,IIA,2
HSPS,Social Theory,29-10-2024,Tue,14:00,16:00,IIA,2
HSPS,Soc 5 Qualitative Methods- Reflexivity,29-10-2024,Tue,16:00,17:00,IIA,2
HSPS,POL4A Lecture 3: Anglo-American Financialisation,29-10-2024,Tue,16:00,17:00,IIA,2
HSPS,POL7: The History of Political Thought to c.1700,30-10-2024,Wed,9:00,10:00,IIA,2
HSPS,SAN3: Mao,30-10-2024,Wed,11:00,12:00,IIA,2
HSPS,POL4F: Lecture,30-10-2024,Wed,12:00,13:00,IIA,2
HSPS,SAN4c: Middle East seminars,30-10-2024,Wed,14:00,15:30,IIA,2
HSPS,POL4G: Lecture,30-10-2024,Wed,15:00,16:00,IIA,2
HSPS,Global Social Problems,30-10-2024,Wed,16:00,18:00,IIA,2
HSPS,SAN7: Ethics and politics of ethnography,31-10-2024,Thu,10:00,11:00,IIA,2
HSPS,POL4E: Lecture,31-10-2024,Thu,10:00,11:00,IIA,2
HSPS,SAN4a: Africa,31-10-2024,Thu,12:30,14:00,IIA,2
HSPS,POL3 Lecture 7: Governance by NGOs and Civil Society,31-10-2024,Thu,15:00,16:00,IIA,2
HSPS,SAN3: From evolution to function,01-11-2024,Fri,9:00,10:00,IIA,2
HSPS,POL4B: Lecture,01-11-2024,Fri,10:00,11:00,IIA,2
HSPS,SAN4b: South America,01-11-2024,Fri,12:30,14:00,IIA,2
HSPS,SAN4c: Middle East lecture,04-11-2024,Mon,10:00,11:00,IIA,2
HSPS,T2/Paper 4 - Hegel II,04-11-2024,Mon,11:00,12:00,IIA,2
HSPS,POL8/10 - Hegel II,04-11-2024,Mon,11:00,12:00,IIA,2
HSPS,T2/Paper 4 - Montesquieu I,04-11-2024,Mon,12:00,13:00,IIA,2
HSPS,POL8/10 - Montesquieu I,04-11-2024,Mon,12:00,13:00,IIA,2
HSPS,Soc 5 Quantitative Methods- Working with the normal distribution,04-11-2024,Mon,14:00,16:00,IIA,2
HSPS,POL4C Lecture 4: Communism: Modernising States and Shaping Political Cultures,04-11-2024,Mon,15:00,16:00,IIA,2
HSPS,POL4D Lecture 4: Political Turmoil and Transition,04-11-2024,Mon,16:00,17:00,IIA,2
HSPS,POL7: The History of Political Thought to c.1700,05-11-2024,Tue,9:00,10:00,IIA,2
HSPS,SAN3: Meaning,05-11-2024,Tue,10:00,11:00,IIA,2
HSPS,POL3 Lecture 8: Corporations and Global Governance,05-11-2024,Tue,11:00,12:00,IIA,2
HSPS,SAN7 EM: The case method,05-11-2024,Tue,12:00,13:00,IIA,2
HSPS,Social Theory,05-11-2024,Tue,14:00,16:00,IIA,2
HSPS,Soc 5 Qualitative Methods- What are Qualitative Research Methods?,05-11-2024,Tue,16:00,17:00,IIA,2
HSPS,POL4A Lecture 4: Austerity and The 2008 Global Financial Crisis,05-11-2024,Tue,16:00,17:00,IIA,2
HSPS,POL7: The History of Political Thought to c.1700,06-11-2024,Wed,9:00,10:00,IIA,2
HSPS,SAN3: Meaning,06-11-2024,Wed,11:00,12:00,IIA,2
HSPS,POL4F: Lecture,06-11-2024,Wed,12:00,13:00,IIA,2
HSPS,SAN4c: Middle East seminars,06-11-2024,Wed,14:00,15:30,IIA,2
HSPS,SAN4d: India in the ethnographic museum,06-11-2024,Wed,14:00,15:30,IIA,2
HSPS,POL4G: Lecture,06-11-2024,Wed,15:00,16:00,IIA,2
HSPS,"Policing the Planet: Colonialism, Crisis and Resistance",06-11-2024,Wed,16:00,18:00,IIA,2
HSPS,POL4E: Lecture,07-11-2024,Thu,10:00,11:00,IIA,2
HSPS,SAN4a: Africa,07-11-2024,Thu,12:30,14:00,IIA,2
HSPS,POL3 Lecture 9: Epistemic Communities,07-11-2024,Thu,15:00,16:00,IIA,2
HSPS,POL4B: Lecture,08-11-2024,Fri,10:00,11:00,IIA,2
HSPS,SAN4b: South America,11-11-2024,Mon,9:00,10:30,IIA,2
HSPS,SAN4c: Middle East lecture,11-11-2024,Mon,10:00,11:00,IIA,2
HSPS,T2/Paper 4 - Marx I,11-11-2024,Mon,11:00,12:00,IIA,2
HSPS,POL8/10 - Marx I,11-11-2024,Mon,11:00,12:00,IIA,2
HSPS,T2/Paper 4 - Rousseau I,11-11-2024,Mon,12:00,13:00,IIA,2
HSPS,POL8/10 - Rousseau I,11-11-2024,Mon,12:00,13:00,IIA,2
HSPS,Soc 5 Quantitative Methods- Bivariate analysis  cross-tabulations,11-11-2024,Mon,14:00,16:00,IIA,2
HSPS,POL4C Lecture 5: Regime Transformation,11-11-2024,Mon,15:00,16:00,IIA,2
HSPS,POL4D Lecture 5: Post-Socialist Economic Trajectories,11-11-2024,Mon,16:00,17:00,IIA,2
HSPS,POL7: The History of Political Thought to c.1700,12-11-2024,Tue,9:00,10:00,IIA,2
HSPS,SAN3: Meaning,12-11-2024,Tue,10:00,11:00,IIA,2
HSPS,POL3 Lecture 10: Post-Truth Politics,12-11-2024,Tue,11:00,12:00,IIA,2
HSPS,SAN7 EM: Archives,12-11-2024,Tue,12:00,13:00,IIA,2
HSPS,Social Theory,12-11-2024,Tue,14:00,16:00,IIA,2
HSPS,"Soc 5 Qualitative Methods- Qualitative Interviewing, Life History, and Narrative Analysis",12-11-2024,Tue,16:00,17:00,IIA,2
HSPS,POL4A Lecture 5: Post-Crisis Political Instability in the UK & USA,12-11-2024,Tue,16:00,17:00,IIA,2
HSPS,POL7: The History of Political Thought to c.1700,13-11-2024,Wed,9:00,10:00,IIA,2
HSPS,SAN3: Meaning,13-11-2024,Wed,11:00,12:00,IIA,2
HSPS,POL4F: Lecture,13-11-2024,Wed,12:00,13:00,IIA,2
HSPS,SAN4c: Middle East seminars,13-11-2024,Wed,14:00,15:30,IIA,2
HSPS,SAN4d: South Asia,13-11-2024,Wed,14:00,15:30,IIA,2
HSPS,POL4G: Lecture,13-11-2024,Wed,15:00,16:00,IIA,2
HSPS,"Policing the Planet: Colonialism, Crisis and Resistance",13-11-2024,Wed,16:00,18:00,IIA,2
HSPS,POL4E: Lecture,14-11-2024,Thu,10:00,11:00,IIA,2
HSPS,SAN4b: South America,14-11-2024,Thu,12:30,14:00,IIA,2
HSPS,SAN4a: Africa,14-11-2024,Thu,12:30,14:00,IIA,2
HSPS,SAN4d: Public culture in South Asia,14-11-2024,Thu,13:30,14:30,IIA,2
HSPS,POL3 Lecture 11: Governmentality,14-11-2024,Thu,15:00,16:00,IIA,2
HSPS,POL4B: Lecture,15-11-2024,Fri,10:00,11:00,IIA,2
HSPS,SAN4c: Middle East lecture,18-11-2024,Mon,10:00,11:00,IIA,2
HSPS,T2/Paper 4 - Marx II,18-11-2024,Mon,11:00,12:00,IIA,2
HSPS,POL8/10 - Marx II,18-11-2024,Mon,11:00,12:00,IIA,2
HSPS,T2/Paper 4 - Rousseau II,18-11-2024,Mon,12:00,13:00,IIA,2
HSPS,POL8/10 - Rousseau II,18-11-2024,Mon,12:00,13:00,IIA,2
HSPS,Soc 5 Quantitative Methods- Bivariate analysis II,18-11-2024,Mon,14:00,16:00,IIA,2
HSPS,POL4C Lecture 6: Paths to Democracy and Dictatorship,18-11-2024,Mon,15:00,16:00,IIA,2
HSPS,POL4D Lecture 6: Sino-Mongolian Relations,18-11-2024,Mon,16:00,17:00,IIA,2
HSPS,POL7: The History of Political Thought to c.1700,19-11-2024,Tue,9:00,10:00,IIA,2
HSPS,SAN3: Meaning,19-11-2024,Tue,10:00,11:00,IIA,2
HSPS,POL3 Lecture 12: Making Poverty History?,19-11-2024,Tue,11:00,12:00,IIA,2
HSPS,SAN7 EM: Multi-sited fieldwork,19-11-2024,Tue,12:00,13:00,IIA,2
HSPS,Social Theory,19-11-2024,Tue,14:00,16:00,IIA,2
HSPS,Soc 5 Qualitative Methods- Language as Social Practice: An Introduction to Ethnomethodology,19-11-2024,Tue,16:00,17:00,IIA,2
HSPS,POL4A Lecture 6: The End of Anglo-American Neoliberalism?,19-11-2024,Tue,16:00,17:00,IIA,2
HSPS,POL7: The History of Political Thought to c.1700,20-11-2024,Wed,9:00,10:00,IIA,2
HSPS,SAN3: Historical anth,20-11-2024,Wed,11:00,12:00,IIA,2
HSPS,POL4F: Lecture,20-11-2024,Wed,12:00,13:00,IIA,2
HSPS,SAN4c: Middle East seminars,20-11-2024,Wed,14:00,15:30,IIA,2
HSPS,SAN4d: South Asia,20-11-2024,Wed,14:00,15:30,IIA,2
HSPS,POL4G: Lecture,20-11-2024,Wed,15:00,16:00,IIA,2
HSPS,"Policing the Planet: Colonialism, Crisis and Resistance",20-11-2024,Wed,16:00,18:00,IIA,2
HSPS,SAN4b: South America,21-11-2024,Thu,12:30,14:00,IIA,2
HSPS,SAN4a: Africa,21-11-2024,Thu,12:30,14:00,IIA,2
HSPS,POL3 Lecture 13: The Laws of War,21-11-2024,Thu,15:00,16:00,IIA,2
HSPS,T2/Paper 4 - Tocqueville I,25-11-2024,Mon,11:00,12:00,IIA,2
HSPS,POL8/10 - Tocqueville I,25-11-2024,Mon,11:00,12:00,IIA,2
HSPS,T2/Paper 4 - Burke I,25-11-2024,Mon,12:00,13:00,IIA,2
HSPS,POL8/10 - Burke I,25-11-2024,Mon,12:00,13:00,IIA,2
HSPS,Soc 5 Quantitative Methods-Basics of Stata I,25-11-2024,Mon,14:00,16:00,IIA,2
HSPS,POL7: The History of Political Thought to c.1700,26-11-2024,Tue,9:00,10:00,IIA,2
HSPS,SAN3: Historical anth,26-11-2024,Tue,10:00,11:00,IIA,2
HSPS,POL3 Lecture 14: Human Rights,26-11-2024,Tue,11:00,12:00,IIA,2
HSPS,SAN7 EM: Digital ethnography,26-11-2024,Tue,12:00,13:00,IIA,2
HSPS,Social Theory,26-11-2024,Tue,14:00,16:00,IIA,2
HSPS,Qualitative Methods Workshops- Preparing a qualitative research project,26-11-2024,Tue,16:00,18:00,IIA,2
HSPS,POL7: The History of Political Thought to c.1700,27-11-2024,Wed,9:00,10:00,IIA,2
HSPS,SAN3: Historical anth,27-11-2024,Wed,11:00,12:00,IIA,2
HSPS,SAN4c: Middle East seminars,27-11-2024,Wed,14:00,15:30,IIA,2
HSPS,SAN4d: South Asia,27-11-2024,Wed,14:00,15:30,IIA,2
HSPS,SAN4b: South America,28-11-2024,Thu,12:30,14:00,IIA,2
HSPS,SAN4a: Africa,28-11-2024,Thu,12:30,14:00,IIA,2
HSPS,POL3 Lecture 15: International Peace Keeping,28-11-2024,Thu,15:00,16:00,IIA,2
HSPS,T2/Paper 4 - Mill I,02-12-2024,Mon,11:00,12:00,IIA,2
HSPS,POL8/10 - Mill I,02-12-2024,Mon,11:00,12:00,IIA,2
HSPS,T2/Paper 4 - Wollstonecraft I,02-12-2024,Mon,12:00,13:00,IIA,2
HSPS,POL8/10 - Wollstonecraft I,02-12-2024,Mon,12:00,13:00,IIA,2
HSPS,Soc 5 Quantitative Methods- Basics of Stata II,02-12-2024,Mon,14:00,16:00,IIA,2
HSPS,SAN4b: South America,02-12-2024,Mon,15:00,16:30,IIA,2
HSPS,POL7: The History of Political Thought to c.1700,03-12-2024,Tue,9:00,10:00,IIA,2
HSPS,POL3 Lecture 16: Governing the Internet,03-12-2024,Tue,11:00,12:00,IIA,2
HSPS,SAN7 EM: Anthropology 'at home',03-12-2024,Tue,12:00,13:00,IIA,2
HSPS,Social Theory,03-12-2024,Tue,14:00,16:00,IIA,2
HSPS,Qualitative Methods Workshops- The semi-structured interview,03-12-2024,Tue,16:00,18:00,IIA,2
HSPS,POL7: The History of Political Thought to c.1700,04-12-2024,Wed,9:00,10:00,IIA,2
HSPS,SAN4c: Middle East seminars,04-12-2024,Wed,14:00,15:30,IIA,2
HSPS,SAN4d: South Asia,04-12-2024,Wed,14:00,15:30,IIA,2
HSPS,SAN7: Reading and writing ethnography,23-01-2025,Thu,10:30,12:00,IIA,2
HSPS,SAN4a: Africa,23-01-2025,Thu,12:30,14:00,IIA,2
HSPS,POL3 Lecture 18,23-01-2025,Thu,15:00,16:00,IIA,2
HSPS,SOC5 Qualitative Methods Workshops,24-01-2025,Fri,10:00,12:00,IIA,2
HSPS,SAN7: Ethnography as writing,24-01-2025,Fri,10:00,11:00,IIA,2
HSPS,SAN4d: Anth of Islam in SA,24-01-2025,Fri,14:00,15:00,IIA,2
HSPS,T2/Paper 4: History Progress Enlightenment (Bourke),27-01-2025,Mon,12:00,13:00,IIA,2
HSPS,POL8/10: History Progress Enlightenment (Bourke),27-01-2025,Mon,12:00,13:00,IIA,2
HSPS,T2/Paper 4: Gender (Tomaselli),27-01-2025,Mon,13:00,14:00,IIA,2
HSPS,POL8/10: Condition of Women (Tomaselli),27-01-2025,Mon,13:00,14:00,IIA,2
HSPS,Soc5 Qualitative Methods Workshop,27-01-2025,Mon,14:00,16:00,IIA,2
HSPS,SAN4d: Anth and film,27-01-2025,Mon,14:00,16:00,IIA,2
HSPS,POL7: The History of Political Thought to c.1700,28-01-2025,Tue,9:00,10:00,IIA,2
HSPS,POL3 Lecture 19,28-01-2025,Tue,11:00,12:00,IIA,2
HSPS,POL4: Lecture,28-01-2025,Tue,13:00,14:00,IIA,2
HSPS,POL7: The History of Political Thought to c.1700,29-01-2025,Wed,9:00,10:00,IIA,2
HSPS,POL4: Lecture,29-01-2025,Wed,13:00,14:00,IIA,2
HSPS,SAN4c: Middle East,29-01-2025,Wed,14:00,15:30,IIA,2
HSPS,SAN4d: South Asia,29-01-2025,Wed,14:00,15:30,IIA,2
HSPS,Control and Resistance in Digital Societies,29-01-2025,Wed,16:00,18:00,IIA,2
HSPS,SAN7: Reading and writing ethnography,30-01-2025,Thu,10:30,12:00,IIA,2
HSPS,SAN4b: South America,30-01-2025,Thu,12:30,14:00,IIA,2
HSPS,SAN4a: Africa,30-01-2025,Thu,12:30,14:00,IIA,2
HSPS,POL3 Lecture 20,30-01-2025,Thu,15:00,16:00,IIA,2
HSPS,Soc5 Qualitative Methods Workshops,31-01-2025,Fri,10:00,12:00,IIA,2
HSPS,SAN7: Ethnography as writing,31-01-2025,Fri,10:00,11:00,IIA,2
HSPS,SAN4d: Anth of Islam in SA,31-01-2025,Fri,14:00,15:00,IIA,2
HSPS,T2/Paper 4: History Progress Enlightenment (Patterson),03-02-2025,Mon,12:00,13:00,IIA,2
HSPS,POL8/10: History Progress Enlightenment (Patterson),03-02-2025,Mon,12:00,13:00,IIA,2
HSPS,T2/Paper 4: Gender (Tomaselli),03-02-2025,Mon,13:00,14:00,IIA,2
HSPS,POL8/10: Condition of Women (Tomaselli),03-02-2025,Mon,13:00,14:00,IIA,2
HSPS,Soc 5 Quantitative Methods lecture,03-02-2025,Mon,14:00,16:00,IIA,2
HSPS,SAN4d: Anth and film,03-02-2025,Mon,14:00,16:00,IIA,2
HSPS,POL7: The History of Political Thought to c.1700,04-02-2025,Tue,9:00,10:00,IIA,2
HSPS,POL3 Lecture 21,04-02-2025,Tue,11:00,12:00,IIA,2
HSPS,POL4: Lecture,04-02-2025,Tue,13:00,14:00,IIA,2
HSPS,POL7: The History of Political Thought to c.1700,05-02-2025,Wed,9:00,10:00,IIA,2
HSPS,SAN3: Foucault,05-02-2025,Wed,11:00,12:00,IIA,2
HSPS,POL4: Lecture,05-02-2025,Wed,13:00,14:00,IIA,2
HSPS,SAN4c: Middle East,05-02-2025,Wed,14:00,15:30,IIA,2
HSPS,SAN4d: South Asia,05-02-2025,Wed,14:00,15:30,IIA,2
HSPS,Control and Resistance in Digital Societies,05-02-2025,Wed,16:00,18:00,IIA,2
HSPS,SAN7: Reading and writing ethnography,06-02-2025,Thu,10:30,12:00,IIA,2
HSPS,SAN4b: South America,06-02-2025,Thu,12:30,14:00,IIA,2
HSPS,SAN4a: Africa,06-02-2025,Thu,12:30,14:00,IIA,2
HSPS,POL3 Lecture 22,06-02-2025,Thu,15:00,16:00,IIA,2
HSPS,Soc5 Quantitative Methods Workshops,07-02-2025,Fri,10:00,12:00,IIA,2
HSPS,SAN7: Ethnography as writing,07-02-2025,Fri,10:00,11:00,IIA,2
HSPS,T2/Paper 4: Political Economy (Bourke),10-02-2025,Mon,12:00,13:00,IIA,2
HSPS,POL8/10: Political Economy (Bourke),10-02-2025,Mon,12:00,13:00,IIA,2
HSPS,T2/Paper 4: Slavery (Hopkins),10-02-2025,Mon,13:00,14:00,IIA,2
HSPS,POL8/10: Slavery (Hopkins),10-02-2025,Mon,13:00,14:00,IIA,2
HSPS,Soc 5 Quantitative Methods lecture,10-02-2025,Mon,14:00,16:00,IIA,2
HSPS,SAN4c: Guest speaker,10-02-2025,Mon,17:00,18:30,IIA,2
HSPS,POL7: The History of Political Thought to c.1700,11-02-2025,Tue,9:00,10:00,IIA,2
HSPS,POL3 Lecture 23,11-02-2025,Tue,11:00,12:00,IIA,2
HSPS,POL4: Lecture,11-02-2025,Tue,13:00,14:00,IIA,2
HSPS,Social Theory,11-02-2025,Tue,14:00,16:00,IIA,2
HSPS,POL7: The History of Political Thought to c.1700,12-02-2025,Wed,9:00,10:00,IIA,2
HSPS,SAN3: Foucault,12-02-2025,Wed,11:00,12:00,IIA,2
HSPS,POL4: Lecture,12-02-2025,Wed,13:00,14:00,IIA,2
HSPS,SAN4c: Middle East,12-02-2025,Wed,14:00,15:30,IIA,2
HSPS,SAN4d: South Asia,12-02-2025,Wed,14:00,15:30,IIA,2
HSPS,Control and Resistance in Digital Societies,12-02-2025,Wed,16:00,18:00,IIA,2
HSPS,SAN7: Reading and writing ethnography,13-02-2025,Thu,10:30,12:00,IIA,2
HSPS,SAN4b: South America,13-02-2025,Thu,12:30,14:00,IIA,2
HSPS,SAN4a: Africa,13-02-2025,Thu,12:30,14:00,IIA,2
HSPS,POL3 Lecture 24,13-02-2025,Thu,15:00,16:00,IIA,2
HSPS,Soc5 Quantitative Methods Workshops,14-02-2025,Fri,10:00,12:00,IIA,2
HSPS,SAN7: Ethnography as writing,14-02-2025,Fri,10:00,11:00,IIA,2
HSPS,T2/Paper 4: Political Economy (Hopkins),17-02-2025,Mon,12:00,13:00,IIA,2
HSPS,POL8/10: Political Economy (Hopkins),17-02-2025,Mon,12:00,13:00,IIA,2
HSPS,T2/Paper 4: Culture & Politics Germany (Meckstroth),17-02-2025,Mon,13:00,14:00,IIA,2
HSPS,POL8/10: Culture and Politics in Germany (Meckstroth),17-02-2025,Mon,13:00,14:00,IIA,2
HSPS,Soc 5 Quantitative Methods lecture,17-02-2025,Mon,14:00,16:00,IIA,2
HSPS,SAN4c: Guest speaker,17-02-2025,Mon,17:00,18:30,IIA,2
HSPS,POL7: The History of Political Thought to c.1700,18-02-2025,Tue,9:00,10:00,IIA,2
HSPS,POL3: International Organisation,18-02-2025,Tue,11:00,12:00,IIA,2
HSPS,POL4: Lecture,18-02-2025,Tue,13:00,14:00,IIA,2
HSPS,Social Theory,18-02-2025,Tue,14:00,16:00,IIA,2
HSPS,POL7: The History of Political Thought to c.1700,19-02-2025,Wed,9:00,10:00,IIA,2
HSPS,"SAN3: Materialities, ecologies and ontologies",19-02-2025,Wed,11:00,12:00,IIA,2
HSPS,POL4: Lecture,19-02-2025,Wed,13:00,14:00,IIA,2
HSPS,SAN4c: Middle East,19-02-2025,Wed,14:00,15:30,IIA,2
HSPS,SAN4d: South Asia,19-02-2025,Wed,14:00,15:30,IIA,2
HSPS,Credit and Debt in Unequal Societies,19-02-2025,Wed,16:00,18:00,IIA,2
HSPS,SAN7: Reading and writing ethnography,20-02-2025,Thu,10:30,12:00,IIA,2
HSPS,SAN4b: South America,20-02-2025,Thu,12:30,14:00,IIA,2
HSPS,SAN4a: Africa,20-02-2025,Thu,12:30,14:00,IIA,2
HSPS,Soc5 Quantitative Methods Workshops,21-02-2025,Fri,10:00,12:00,IIA,2
HSPS,T2/Paper 4: Justifying Revolutions (Patterson),24-02-2025,Mon,12:00,13:00,IIA,2
HSPS,POL8/10: Justifying Revolutions (Patterson),24-02-2025,Mon,12:00,13:00,IIA,2
HSPS,T2/Paper 4: Socialism before 1848 (Hopkins),24-02-2025,Mon,13:00,14:00,IIA,2
HSPS,POL8/10: Socialism before 1848 (Hopkins),24-02-2025,Mon,13:00,14:00,IIA,2
HSPS,POL7: The History of Political Thought to c.1700,25-02-2025,Tue,9:00,10:00,IIA,2
HSPS,"SAN3: Materialities, ecologies and ontologies",25-02-2025,Tue,11:00,12:00,IIA,2
HSPS,POL4: Lecture,25-02-2025,Tue,13:00,14:00,IIA,2
HSPS,Social Theory,25-02-2025,Tue,14:00,16:00,IIA,2
HSPS,POL7: The History of Political Thought to c.1700,26-02-2025,Wed,9:00,10:00,IIA,2
HSPS,"SAN3: Materialities, ecologies and ontologies",26-02-2025,Wed,11:00,12:00,IIA,2
HSPS,POL4: Lecture,26-02-2025,Wed,13:00,14:00,IIA,2
HSPS,SAN4c: Middle East,26-02-2025,Wed,14:00,15:30,IIA,2
HSPS,SAN4d: South Asia,26-02-2025,Wed,14:00,15:30,IIA,2
HSPS,Credit and Debt in Unequal Societies,26-02-2025,Wed,16:00,18:00,IIA,2
HSPS,SAN7: Reading and writing ethnography,27-02-2025,Thu,10:30,12:00,IIA,2
HSPS,SAN4b: South America,27-02-2025,Thu,12:30,14:00,IIA,2
HSPS,SAN4a: Africa,27-02-2025,Thu,12:30,14:00,IIA,2
HSPS,Soc5 Quantitative Methods Workshops,28-02-2025,Fri,10:00,12:00,IIA,2
HSPS,T2/Paper 4: Justifying Revolutions (Hopkins),03-03-2025,Mon,12:00,13:00,IIA,2
HSPS,POL8/10: Justifying Revolutions (Hopkins),03-03-2025,Mon,12:00,13:00,IIA,2
HSPS,T2/Paper 4: Law Liberty State (Patterson),03-03-2025,Mon,13:00,14:00,IIA,2
HSPS,"POL8/10: Liberty, Law and the State (Patterson)",03-03-2025,Mon,13:00,14:00,IIA,2
HSPS,Soc 5 Quantitative Methods lecture,03-03-2025,Mon,14:00,16:00,IIA,2
HSPS,SAN4c: Guest speaker,03-03-2025,Mon,17:00,18:30,IIA,2
HSPS,POL7: The History of Political Thought to c.1700,04-03-2025,Tue,9:00,10:00,IIA,2
HSPS,SAN3: Embodiment and senses,04-03-2025,Tue,11:00,12:00,IIA,2
HSPS,POL4: Lecture,04-03-2025,Tue,13:00,14:00,IIA,2
HSPS,Social Theory,04-03-2025,Tue,14:00,16:00,IIA,2
HSPS,POL7: The History of Political Thought to c.1700,05-03-2025,Wed,9:00,10:00,IIA,2
HSPS,SAN3: Gender and feminism,05-03-2025,Wed,11:00,12:00,IIA,2
HSPS,POL4: Lecture,05-03-2025,Wed,13:00,14:00,IIA,2
HSPS,SAN4c: Middle East,05-03-2025,Wed,14:00,15:30,IIA,2
HSPS,SAN4d: South Asia,05-03-2025,Wed,14:00,15:30,IIA,2
HSPS,Credit and Debt in Unequal Societies,05-03-2025,Wed,16:00,18:00,IIA,2
HSPS,SAN7: Reading and writing ethnography,06-03-2025,Thu,10:30,12:00,IIA,2
HSPS,SAN4b: South America,06-03-2025,Thu,12:30,14:00,IIA,2
HSPS,SAN4a: Africa,06-03-2025,Thu,12:30,14:00,IIA,2
HSPS,SAN3: Schools & Styles of Anthropological Theory,06-03-2025,Thu,14:00,15:00,IIA,2
HSPS,Soc5 Quantitative Methods Workshops,07-03-2025,Fri,10:00,12:00,IIA,2
HSPS,T2/Paper 4: Constitutions (Tomaselli),10-03-2025,Mon,12:00,13:00,IIA,2
HSPS,POL8/10: Constitutions (Tomaselli),10-03-2025,Mon,12:00,13:00,IIA,2
HSPS,T2/Paper 4: Empire (Patterson),10-03-2025,Mon,13:00,14:00,IIA,2
HSPS,POL8/10: Empire and Civilization (Patterson),10-03-2025,Mon,13:00,14:00,IIA,2
HSPS,Soc 5 Quantitative Methods lecture,10-03-2025,Mon,14:00,16:00,IIA,2
HSPS,SAN4c: Guest lecture,10-03-2025,Mon,17:00,18:30,IIA,2
HSPS,POL7: The History of Political Thought to c.1700,11-03-2025,Tue,9:00,10:00,IIA,2
HSPS,POL4: Lecture,11-03-2025,Tue,13:00,14:00,IIA,2
HSPS,Social Theory,11-03-2025,Tue,14:00,16:00,IIA,2
HSPS,POL7: The History of Political Thought to c.1700,12-03-2025,Wed,9:00,10:00,IIA,2
HSPS,SAN3: Gender and feminism,12-03-2025,Wed,11:00,12:00,IIA,2
HSPS,SAN4c: Middle East,12-03-2025,Wed,14:00,15:30,IIA,2
HSPS,SAN4d: South Asia,12-03-2025,Wed,14:00,15:30,IIA,2
HSPS,SAN7: Reading and writing ethnography,13-03-2025,Thu,10:30,12:00,IIA,2
HSPS,SAN4b: South America,13-03-2025,Thu,12:30,14:00,IIA,2
HSPS,SAN4a: Africa,13-03-2025,Thu,12:30,14:00,IIA,2
HSPS,SAN3: Schools & Styles of Anthropological Theory,13-03-2025,Thu,14:00,15:00,IIA,2
HSPS,Soc5 Quantitative Methods Workshops,14-03-2025,Fri,10:00,12:00,IIA,2
HSPS,T2/Paper 4: Constitutions (Hopkins),17-03-2025,Mon,12:00,13:00,IIA,2
HSPS,POL8/10: Constitutions (Hopkins),17-03-2025,Mon,12:00,13:00,IIA,2
HSPS,T2/Paper 4: Empire (Patterson),17-03-2025,Mon,13:00,14:00,IIA,2
HSPS,POL8/10: Empire and Civilization (Patterson),17-03-2025,Mon,13:00,14:00,IIA,2
HSPS,Soc 5 Quantitative Methods lecture,17-03-2025,Mon,14:00,16:00,IIA,2
HSPS,POL7: The History of Political Thought to c.1700,18-03-2025,Tue,9:00,10:00,IIA,2
HSPS,Social Theory,18-03-2025,Tue,14:00,16:00,IIA,2
HSPS,POL7: The History of Political Thought to c.1700,19-03-2025,Wed,9:00,10:00,IIA,2
HSPS,SAN4c: Middle East,19-03-2025,Wed,14:00,15:30,IIA,2
HSPS,SAN4d: South Asia,19-03-2025,Wed,14:00,15:30,IIA,2
HSPS,T2/Paper 4: History of Political Thought from c. 1700- c.1890 (POL8 / POL10),02-05-2025,Fri,9:00,10:00,IIA,2
HSPS,POL8/10: Consitutions II (Hopkins),02-05-2025,Fri,9:00,10:00,IIA,2
HSPS,Soc 5 Statistics and Methods- Revision Lecture- Easter Term,02-05-2025,Fri,10:00,12:00,IIA,2
HSPS,POL4B: Revision Session,02-05-2025,Fri,12:00,13:00,IIA,2
HSPS,POL3: Revision Session,02-05-2025,Fri,16:00,17:00,IIA,2
HSPS,Soc 5 Statistics and Methods- Revision Lecture- Easter Term,06-05-2025,Tue,10:00,12:00,IIA,2
HSPS,SOC2- Revision Session,06-05-2025,Tue,14:00,16:00,IIA,2
HSPS,SAN4c: Middle East (guest lecture),06-05-2025,Tue,17:00,19:00,IIA,2
HSPS,POL4F: Revision Session,07-05-2025,Wed,13:00,14:00,IIA,2
HSPS,SAN4d: South Asia,07-05-2025,Wed,13:30,15:00,IIA,2
HSPS,SAN4c: Middle East,07-05-2025,Wed,14:00,15:30,IIA,2
HSPS,POL4E: Revision Session,08-05-2025,Thu,10:00,11:00,IIA,2
HSPS,SAN4b: South America,08-05-2025,Thu,12:30,14:00,IIA,2
HSPS,POL4D: China and Mongolia Revision Session,12-05-2025,Mon,13:00,14:00,IIA,2
HSPS,POL4G: Revision Session,12-05-2025,Mon,14:00,15:00,IIA,2
HSPS,SAN4c: Middle East (screening),12-05-2025,Mon,16:00,18:00,IIA,2
HSPS,POL4: Comparative Politics Revision Session,13-05-2025,Tue,13:00,14:00,IIA,2
HSPS,Revision Session,13-05-2025,Tue,14:00,16:00,IIA,2
HSPS,POL4A: Revision,13-05-2025,Tue,16:00,17:00,IIA,2
HSPS,SAN4d: South Asia,14-05-2025,Wed,13:30,15:00,IIA,2
HSPS,SOC3- Revision,14-05-2025,Wed,16:00,17:00,IIA,2
HSPS,SAN4c: Middle East,15-05-2025,Thu,10:00,11:30,IIA,2
HSPS,SAN4b: South America,15-05-2025,Thu,12:30,14:00,IIA,2
HSPS,SAN4a: Africa,15-05-2025,Thu,12:30,14:00,IIA,2
HSPS,SAN4a: Africa,22-05-2025,Thu,12:30,14:00,IIA,2
HSPS,Multiple choice exam,23-05-2025,Fri,10:00,11:00,IIA,2
